title,category_name,film_length_category,total_revenue,percentage_of_total_revenue,rental_count,unique_renters,avg_rental_days,may_2005_rentals,june_2005_rentals,top_actor_by_revenue,category_revenue_rank
"TELEGRAPH VOYAGE",Music,Long,231.73,0.381700,27,27,5.9630,2,5,"WOODY HOFFMAN",1
"WIFE TURN",Documentary,Long,223.69,0.368400,31,28,4.1613,3,5,"WOODY HOFFMAN",1
"ZORRO ARK",Comedy,Short,214.69,0.353600,31,30,4.0968,3,5,"IAN TANDY",1
"GOODFELLAS SALUTE",Sci-Fi,Short,209.69,0.345400,31,31,4.8387,2,5,"NICK WAHLBERG",1
"SATURDAY LAMBS",Sports,Long,204.72,0.337200,28,28,4.6786,2,3,"VIVIEN BERGEN",1
"TITANS JERK",Sci-Fi,Medium,201.71,0.332200,29,28,5.1071,2,5,"KIRSTEN PALTROW",2
"TORQUE BOUND",Drama,Long,198.72,0.327300,27,27,4.4615,2,4,"UMA WOOD",1
"HARRY IDAHO",Drama,Long,195.70,0.322300,30,30,5.0345,2,5,"FAY KILMER",2
"INNOCENT USUAL",Foreign,Long,191.74,0.315800,26,25,4.5000,0,3,"DAN TORN",1
"HUSTLER PARTY",Comedy,Medium,190.78,0.314200,22,22,5.9545,0,2,"ALEC WAYNE",2
"PELICAN COMFORTS",Documentary,Short,188.74,0.310900,26,26,5.3462,2,5,"BOB FAWCETT",2
"CAT CONEHEADS",Comedy,Medium,181.70,0.299300,30,29,4.6552,2,4,"HELEN VOIGHT",3
"ENEMY ODDS",Music,Medium,180.71,0.297600,29,29,4.4138,4,5,"VIVIEN BERGEN",2
"BUCKET BROTHERHOOD",Travel,Long,180.66,0.297600,34,33,4.4118,5,6,"RIP CRAWFORD",1
"RANGE MOONWALKER",Family,Long,179.73,0.296000,27,27,3.6296,3,4,"RIP CRAWFORD",1
"MASSACRE USUAL",Games,Long,179.70,0.296000,30,28,5.2000,4,5,"SPENCER DEPP",1
"VIDEOTAPE ARSENIC",Games,Long,178.71,0.294300,29,27,3.8621,4,5,"RALPH CRUZ",2
"DOGMA FAMILY",Animation,Long,178.70,0.294300,30,30,4.2000,2,6,"KIRK JOVOVICH",1
"APACHE DIVINE",Family,Medium,178.69,0.294300,31,31,3.7097,3,4,"NICK WAHLBERG",2
"VELVET TERMINATOR",Comedy,Long,177.74,0.292800,26,26,4.1923,2,6,"ZERO CAGE",4
"DORADO NOTTING",Music,Long,176.73,0.291100,27,27,5.5556,3,4,"AUDREY OLIVIER",3
"FOOL MOCKINGBIRD",Action,Long,175.77,0.289500,23,23,4.9130,2,4,"RIP CRAWFORD",1
"WITCHES PANIC",Drama,Medium,173.70,0.286100,30,28,5.1000,4,6,"RALPH CRUZ",3
"CLOSER BANG",Comedy,Short,172.72,0.284500,28,28,4.4643,4,4,"KIRSTEN PALTROW",5
"SCALAWAG DUCK",Music,Long,172.68,0.284400,32,32,3.5938,2,6,"REESE KILMER",4
"ROSES TREASURE",Sports,Long,171.72,0.282800,28,27,4.2500,4,4,"CUBA OLIVIER",2
"SUNRISE LEAGUE",Animation,Long,170.76,0.281300,24,23,4.3333,2,4,"JOHNNY LOLLOBRIGIDA",2
"SHOW LORD",Documentary,Long,170.75,0.281200,25,25,3.6800,2,5,"KENNETH PALTROW",3
"NIGHTMARE CHILL",Games,Long,169.75,0.279600,25,25,3.8800,2,4,"WALTER TORN",3
"SCORPION APOLLO",Drama,Long,168.77,0.278000,23,23,4.4348,2,3,"MATTHEW JOHANSSON",4
"AMERICAN CIRCUS",Action,Long,167.78,0.276300,22,20,4.8571,2,3,"KEVIN BLOOM",2
"CONFIDENTIAL INTERVIEW",Music,Long,164.71,0.271300,29,29,4.7241,3,4,"PARKER GOLDBERG",5
"MAIDEN HOME",New,Long,163.76,0.269700,24,24,4.2083,2,4,"WOODY HOFFMAN",1
"SEATTLE EXPECATIONS",Drama,Medium,163.75,0.269700,24,24,5.0000,4,5,"ELVIS MARX",5
"WORKING MICROCOSMOS",Travel,Medium,163.75,0.269700,25,25,4.6000,2,5,"VAL BOLGER",2
"BOOGIE AMELIE",Music,Long,163.70,0.269600,29,28,4.2500,4,4,"KEVIN BLOOM",6
"STING PERSONAL",New,Medium,159.79,0.263200,21,21,4.8571,0,2,"GRACE MOSTEL",2
"LOLA AGENT",Horror,Medium,159.76,0.263100,24,23,4.9167,1,5,"LUCILLE TRACY",1
"BACKLASH UNDEFEATED",Children,Medium,158.81,0.261600,19,19,5.7895,3,4,"CHRISTIAN AKROYD",1
"MIDSUMMER GROUNDHOG",Documentary,Short,156.78,0.258200,22,21,3.8636,2,3,"JADA RYDER",4
"TITANIC BOONDOCK",Animation,Medium,154.77,0.254900,23,22,4.0476,1,3,"BETTE NICHOLSON",3
"STAGECOACH ARMAGEDDON",Action,Medium,154.74,0.254900,26,25,4.3846,2,6,"KARL BERRY",3
"MINE TITANS",New,Long,153.81,0.253300,19,19,5.4211,1,2,"NICK DEGENERES",3
"PITY BOUND",Drama,Short,153.74,0.253200,26,26,4.0385,2,3,"GOLDIE BRODY",6
"SECRETS PARADISE",Family,Medium,152.80,0.251700,20,20,4.9000,2,2,"REESE KILMER",3
"HEAD STRANGER",Games,Medium,152.78,0.251600,22,22,4.5909,1,2,"GARY PHOENIX",4
"EAGLES PANKY",New,Long,152.78,0.251600,22,21,4.9524,2,3,"FRED COSTNER",4
"WHISPERER GIANT",Sci-Fi,Short,151.78,0.250000,22,20,5.0455,1,3,"MILLA PECK",3
"EASY GLADIATOR",Action,Long,150.77,0.248300,23,22,5.5217,3,5,"FRED COSTNER",4
"MINDS TRUMAN",Action,Long,149.80,0.246700,20,19,4.6500,1,1,"ANNE CRONYN",5
"FELLOWSHIP AUTUMN",Travel,Medium,149.74,0.246600,26,24,5.0769,2,6,"MENA TEMPLE",3
"WONDERLAND CHRISTMAS",Sci-Fi,Medium,148.78,0.245100,22,21,4.3182,1,2,"CUBA OLIVIER",4
"STREETCAR INTENTIONS",Horror,Medium,148.75,0.245000,25,23,3.8400,1,3,"VIVIEN BERGEN",2
"KISSING DOLLS",Action,Long,147.80,0.243400,20,20,4.2000,2,5,"TOM MCKELLEN",6
"SUIT WALLS",Games,Medium,147.79,0.243400,21,20,4.5263,2,3,"TOM MIRANDA",5
"TRADING PINOCCHIO",Sports,Long,147.75,0.243400,25,25,5.0417,2,3,"BETTE NICHOLSON",3
"LIES TREATMENT",Drama,Long,147.73,0.243300,27,26,4.6667,3,3,"HELEN VOIGHT",7
"ATTRACTION NEWTON",New,Medium,146.76,0.241700,24,24,3.9583,1,5,"UMA WOOD",5
"FORRESTER COMANCHEROS",Animation,Medium,146.73,0.241700,27,27,4.8077,1,6,"KIRK JOVOVICH",4
"MOVIE SHAKESPEARE",Family,Short,145.74,0.240000,27,25,4.4615,3,6,"HELEN VOIGHT",4
"TRIP NEWTON",Action,Medium,145.72,0.240000,28,26,3.5714,2,3,"WOODY JOLIE",7
"GARDEN ISLAND",Sci-Fi,Medium,144.80,0.238500,20,20,4.5000,1,1,"MARY TANDY",5
"DURHAM PANKY",Sports,Long,144.74,0.238400,26,25,4.2308,1,5,"MATTHEW JOHANSSON",4
"PRINCESS GIANT",Documentary,Medium,142.74,0.235100,27,26,4.8077,3,5,"CHRISTIAN AKROYD",5
"CALENDAR GUNFIGHT",Foreign,Medium,141.79,0.233500,21,21,4.4762,2,2,"BETTE NICHOLSON",2
"MOONSHINE CABIN",Games,Long,141.79,0.233500,21,20,4.6190,1,3,"JODIE DEGENERES",6
"TOURIST PELICAN",Sports,Long,141.78,0.233500,22,22,4.4091,3,4,"PENELOPE MONROE",5
"STEEL SANTA",Classics,Long,141.77,0.233500,23,22,3.8696,1,3,"UMA WOOD",1
"DRIFTER COMMANDMENTS",Action,Medium,141.76,0.233500,24,23,3.9565,2,4,"VIVIEN BERGEN",8
"CHANCE RESURRECTION",Sports,Medium,141.73,0.233400,27,27,4.5556,3,4,"MILLA PECK",6
"FLAMINGOS CONNECTICUT",New,Medium,139.77,0.230200,23,23,3.8261,1,2,"GOLDIE BRODY",6
"FIDELITY DEVIL",Horror,Medium,138.79,0.228600,21,21,4.9524,2,2,"HELEN VOIGHT",3
"CENTER DINOSAUR",Classics,Long,137.76,0.226900,24,22,3.7826,3,4,"ALEC WAYNE",2
"COMA HEAD",Travel,Medium,137.74,0.226900,26,26,4.1923,3,4,"CAMERON WRAY",4
"QUEEN LUKE",Drama,Long,136.78,0.225300,22,22,4.7143,1,4,"MARY TANDY",8
"NAME DETECTIVE",Games,Long,136.77,0.225300,23,23,4.1818,1,4,"WARREN JACKMAN",7
"CONEHEADS SMOOCHY",Drama,Medium,136.75,0.225200,25,24,5.0000,1,3,"JOHNNY LOLLOBRIGIDA",9
"PULP BEVERLY",Horror,Medium,136.70,0.225200,30,30,4.6552,4,5,"KIRSTEN PALTROW",4
"GLEAMING JAWBREAKER",Sports,Medium,136.70,0.225200,29,28,5.9286,1,5,"PENELOPE GUINESS",7
"YENTL IDAHO",Horror,Medium,135.77,0.223600,23,22,4.3043,2,3,"REESE WEST",5
"FLINTSTONES HAPPINESS",Comedy,Long,134.83,0.222100,17,17,5.1765,0,3,"ALBERT NOLTE",6
"WHALE BIKINI",Foreign,Medium,134.82,0.222100,18,18,5.6667,3,4,"ED CHASE",3
"HUNCHBACK IMPOSSIBLE",Drama,Long,134.80,0.222000,20,20,4.6316,2,3,"GROUCHO DUNST",10
"DETAILS PACKER",Games,Medium,133.81,0.220400,19,19,5.0556,1,4,"MICHELLE MCCONAUGHEY",8
"PINOCCHIO SIMON",Comedy,Medium,133.80,0.220400,20,20,4.7000,1,3,"KIRSTEN PALTROW",7
"SUSPECTS QUILLS",Action,Short,133.70,0.220200,30,27,4.5862,3,6,"JOHNNY CAGE",9
"NETWORK PEAK",Family,Medium,133.69,0.220200,31,31,5.0000,4,5,"KIRK JOVOVICH",5
"HEARTBREAKERS BRIGHT",Children,Short,132.80,0.218700,20,20,3.8000,0,2,"GINA DEGENERES",2
"BEAUTY GREASE",Drama,Long,132.78,0.218700,22,22,4.2273,1,3,"CAMERON ZELLWEGER",11
"KISS GLORY",Foreign,Long,132.78,0.218700,22,21,4.4545,1,2,"CUBA OLIVIER",4
"LIAISONS SWEET",Travel,Long,131.78,0.217100,22,21,4.1818,1,4,"NICK WAHLBERG",5
"ALADDIN CALENDAR",Sports,Medium,131.77,0.217000,23,23,4.3913,0,4,"ALEC WAYNE",8
"SLEEPING SUSPECTS",Horror,Long,131.76,0.217000,24,24,4.4348,2,3,"KIRSTEN PALTROW",6
"METROPOLIS COMA",Sci-Fi,Medium,131.74,0.217000,26,26,4.7692,2,3,"VAL BOLGER",6
"BINGO TALENTED",Sci-Fi,Long,131.71,0.216900,29,28,5.2759,3,4,"GOLDIE BRODY",7
"ROAD ROXANNE",Documentary,Long,130.81,0.215500,19,19,4.6842,1,2,"HELEN VOIGHT",6
"MILLION ACE",Classics,Long,130.80,0.215400,20,20,4.3500,3,3,"CHRISTIAN AKROYD",3
"RIDGEMONT SUBMARINE",New,Short,130.68,0.215200,32,32,5.5806,4,5,"JOHNNY LOLLOBRIGIDA",7
"SATISFACTION CONFIDENTIAL",Sports,Medium,129.83,0.213800,17,17,4.8235,1,2,"CAMERON WRAY",9
"HEAVYWEIGHTS BEAST",Documentary,Medium,129.77,0.213700,23,23,4.3043,1,2,"BEN WILLIS",7
"DAWN POND",Games,Short,128.82,0.212200,18,17,5.1111,1,1,"RIP WINSLET",9
"INTERVIEW LIAISONS",New,Short,128.80,0.212100,20,20,4.2500,2,4,"MENA TEMPLE",8
"CAUSE DATE",Documentary,Long,128.79,0.212100,21,21,5.2381,2,3,"PENELOPE PINKETT",8
"CANDLES GRAPES",Games,Long,128.77,0.212100,23,23,4.2609,3,3,"SANDRA KILMER",10
"FORWARD TEMPLE",Games,Medium,128.68,0.211900,32,32,5.1250,4,6,"RIP WINSLET",11
"TEEN APOLLO",Travel,Medium,127.83,0.210500,17,17,4.3529,3,3,"MILLA PECK",6
"SOMETHING DUCK",Drama,Long,127.81,0.210500,19,19,4.5789,1,3,"ED MANSFIELD",12
"SNATCH SLIPPER",Comedy,Medium,127.78,0.210500,22,21,5.1364,2,2,"SCARLETT BENING",8
"FALCON VOLUME",Animation,Medium,127.77,0.210400,22,22,4.2857,2,4,"MARY TANDY",5
"TRAP GUYS",Foreign,Medium,126.84,0.208900,16,16,4.9375,1,3,"VIVIEN BERGEN",5
"MISSION ZOOLANDER",Animation,Long,126.82,0.208900,18,18,4.2222,2,3,"FRED COSTNER",6
"SABRINA MIDNIGHT",Children,Medium,126.79,0.208800,21,21,4.0000,0,2,"KEVIN BLOOM",3
"AGENT TRUMAN",Foreign,Long,126.79,0.208800,21,21,5.1905,2,3,"KIRSTEN PALTROW",6
"FREDDY STORM",Horror,Medium,126.77,0.208800,23,23,4.8696,2,3,"JULIA MCQUEEN",7
"STRANGERS GRAFFITI",Horror,Medium,123.83,0.204000,17,16,5.4118,2,3,"ZERO CAGE",8
"DOORS PRESIDENT",Animation,Short,123.81,0.203900,19,19,4.0000,1,2,"KARL BERRY",7
"MALTESE HOPE",Games,Long,123.78,0.203900,22,22,4.0000,1,2,"ANGELA HUDSON",12
"BUTTERFLY CHOCOLAT",New,Medium,123.70,0.203700,30,29,5.3667,3,5,"NICK STALLONE",9
"TIMBERLAND SKY",Classics,Medium,123.69,0.203700,31,31,5.2903,4,7,"GARY PHOENIX",4
"WATERFRONT DELIVERANCE",Action,Medium,121.83,0.200700,17,17,5.0588,1,3,"JOE SWANK",10
"SLEEPLESS MONSOON",Animation,Medium,121.80,0.200600,20,19,4.4211,2,3,"GRACE MOSTEL",8
"TRUMAN CRAZY",Action,Medium,121.77,0.200600,23,22,4.0870,3,4,"BURT DUKAKIS",11
"SCARFACE BANG",Children,Medium,120.82,0.199000,18,18,3.8824,1,2,"PARKER GOLDBERG",4
"HIGH ENCINO",Horror,Medium,120.78,0.198900,22,22,4.7273,1,4,"VIVIEN BERGEN",9
"RAGE GAMES",Family,Medium,119.81,0.197300,19,19,3.8421,0,2,"SCARLETT DAMON",6
"GHOST GROUNDHOG",Children,Medium,119.79,0.197300,21,21,4.9500,1,5,"DAN HARRIS",5
"ANGELS LIFE",New,Medium,119.78,0.197300,22,21,4.7727,2,3,"PENELOPE GUINESS",10
"WASH HEAVENLY",Foreign,Long,119.77,0.197300,23,22,4.1739,3,5,"MENA TEMPLE",7
"LADY STAGE",Horror,Medium,118.83,0.195700,17,17,4.6875,1,1,"PENELOPE GUINESS",10
"DESERT POSEIDON",Horror,Medium,118.81,0.195700,19,19,4.1579,0,2,"GOLDIE BRODY",11
"PHILADELPHIA WIFE",Sports,Long,118.78,0.195600,23,22,5.0000,2,4,"MARY TANDY",10
"VIRTUAL SPOILERS",Family,Long,117.86,0.194100,14,14,5.7857,0,3,"DUSTIN TAUTOU",7
"THIEF PELICAN",Animation,Long,117.81,0.194000,19,19,4.6316,2,2,"KIRSTEN PALTROW",9
"SECRET GROUNDHOG",Documentary,Medium,116.79,0.192400,21,21,4.2381,2,4,"FAY KILMER",9
"BROOKLYN DESERT",Foreign,Long,116.79,0.192400,21,21,4.9048,2,3,"JODIE DEGENERES",8
"KNOCK WARLOCK",Comedy,Medium,116.76,0.192300,24,23,5.0833,3,3,"CUBA OLIVIER",9
"HANKY OCTOBER",Sci-Fi,Medium,116.74,0.192300,26,26,5.2308,3,4,"RICHARD PENN",8
"ROCKETEER MOTHER",Foreign,Long,116.67,0.192200,33,31,4.9394,4,6,"JUDY DEAN",9
"GALAXY SWEETHEARTS",Classics,Long,115.82,0.190800,18,18,3.8889,2,2,"UMA WOOD",5
"PREJUDICE OLEANDER",Classics,Medium,115.80,0.190700,20,20,5.1000,1,3,"CHRISTIAN GABLE",6
"SPICE SORORITY",Drama,Long,115.80,0.190700,20,20,3.6500,1,3,"ED CHASE",13
"DRIVING POLISH",Music,Long,115.79,0.190700,21,21,4.3810,2,3,"MATTHEW JOHANSSON",7
"BEVERLY OUTLAW",Sci-Fi,Medium,115.79,0.190700,21,21,4.7619,0,1,"SANDRA PECK",9
"CONVERSATION DOWNHILL",Family,Medium,114.83,0.189100,17,17,5.1250,0,1,"DUSTIN TAUTOU",8
"UNDEFEATED DALMATIONS",Horror,Medium,114.79,0.189100,21,21,4.0952,1,3,"TOM MIRANDA",12
"ARACHNOPHOBIA ROLLERCOASTER",Horror,Long,114.76,0.189000,24,24,5.0000,0,4,"GRACE MOSTEL",13
"IDOLS SNATCHERS",Children,Medium,114.70,0.188900,30,30,4.2000,5,5,"TOM MCKELLEN",6
"HANGING DEEP",Drama,Medium,113.81,0.187500,19,19,4.1053,3,4,"MATTHEW JOHANSSON",14
"REDEMPTION COMFORTS",New,Long,113.80,0.187400,20,20,4.6000,0,1,"AUDREY OLIVIER",11
"OPEN AFRICAN",Sci-Fi,Long,113.79,0.187400,21,21,4.2857,2,4,"GRACE MOSTEL",10
"STRICTLY SCARFACE",Comedy,Long,113.77,0.187400,23,23,4.1739,0,4,"GREG CHAPLIN",10
"SECRETARY ROUGE",Sports,Long,112.82,0.185800,18,18,5.0000,0,2,"JULIA BARRYMORE",11
"HORN WORKING",Animation,Medium,112.76,0.185700,24,24,4.0833,1,5,"ZERO CAGE",10
"CLUELESS BUCKET",Action,Medium,112.75,0.185700,25,25,4.3600,2,4,"UMA WOOD",12
"GANGS PRIDE",Animation,Long,112.73,0.185700,27,27,4.0741,3,4,"ELVIS MARX",11
"BIRDS PERDITION",New,Medium,111.82,0.184200,18,18,4.1111,1,1,"SANDRA PECK",12
"SWEDEN SHINING",Comedy,Long,111.81,0.184200,18,18,6.1176,2,3,"KARL BERRY",11
"MONEY HAROLD",New,Long,111.80,0.184100,20,20,4.6500,0,1,"ALEC WAYNE",13
"FARGO GANDHI",Children,Long,111.76,0.184100,24,24,3.6667,3,4,"MICHELLE MCCONAUGHEY",7
"PANKY SUBMARINE",Games,Medium,110.85,0.182600,15,15,5.7333,2,2,"RIP WINSLET",13
"DUDE BLINDNESS",Sports,Long,110.84,0.182600,16,16,3.8125,2,3,"SANDRA PECK",12
"EXPECATIONS NATURAL",Travel,Long,110.82,0.182500,18,18,4.8333,1,3,"ELVIS MARX",7
"REQUIEM TYCOON",Classics,Long,110.81,0.182500,19,19,4.4211,1,2,"ANNE CRONYN",7
"CHASING FIGHT",Family,Medium,110.81,0.182500,20,20,5.1579,1,2,"TOM MIRANDA",9
"REIGN GENTLEMEN",Sci-Fi,Medium,110.80,0.182500,20,19,5.0000,1,2,"ALEC WAYNE",11
"TOMORROW HUSTLER",Classics,Long,110.75,0.182400,25,25,3.6800,1,5,"MATTHEW JOHANSSON",8
"GRIT CLOCKWORK",Games,Long,110.68,0.182300,32,32,4.8125,4,6,"CAMERON ZELLWEGER",14
"DAY UNFAITHFUL",New,Medium,109.86,0.180900,14,14,5.6154,1,1,"KARL BERRY",14
"BREAKFAST GOLDFINGER",New,Long,109.83,0.180900,17,16,4.7647,1,2,"ANGELINA ASTAIRE",15
"SHAWSHANK BUBBLE",Travel,Medium,109.81,0.180900,19,18,5.0000,0,3,"BOB FAWCETT",8
"JET NEIGHBORS",Foreign,Short,109.80,0.180800,20,18,5.6500,1,3,"FAY KILMER",10
"GREATEST NORTH",Music,Medium,109.71,0.180700,29,29,4.3103,1,4,"HELEN VOIGHT",8
"SAMURAI LION",New,Medium,108.75,0.179100,25,25,4.8000,1,4,"ANGELINA ASTAIRE",16
"FISH OPUS",Sci-Fi,Long,108.75,0.179100,25,25,4.3200,2,3,"PARKER GOLDBERG",12
"ROCKY WAR",Drama,Long,107.84,0.177600,16,16,4.4375,2,2,"SISSY SOBIESKI",15
"COMMAND DARLING",Foreign,Medium,107.84,0.177600,16,15,5.8125,0,1,"GRACE MOSTEL",11
"JERK PAYCHECK",Classics,Long,107.80,0.177600,20,19,4.7000,1,1,"DAN TORN",9
"SOUTH WAIT",Action,Long,107.78,0.177500,22,22,4.7143,1,2,"MICHELLE MCCONAUGHEY",13
"BEAR GRACELAND",Children,Long,107.78,0.177500,22,22,5.0000,3,4,"SCARLETT DAMON",8
"FATAL HAUNTED",New,Medium,107.72,0.177400,28,28,4.8214,4,5,"MILLA PECK",17
"CUPBOARD SINNERS",Documentary,Short,106.77,0.175900,23,23,4.6522,0,2,"HELEN VOIGHT",10
"SALUTE APOLLO",New,Medium,106.77,0.175900,23,23,4.1739,3,4,"VIVIEN BERGEN",18
"GIANT TROOPERS",Children,Medium,106.72,0.175800,28,28,3.7143,2,4,"MATTHEW LEIGH",9
"SUGAR WONKA",Animation,Medium,105.83,0.174300,17,17,3.2941,1,1,"MATTHEW JOHANSSON",12
"LEAGUE HELLFIGHTERS",Classics,Medium,105.83,0.174300,17,17,4.7059,0,2,"JESSICA BAILEY",10
"GORGEOUS BINGO",Children,Medium,105.81,0.174300,19,19,6.0556,2,3,"VIVIEN BERGEN",10
"PEAK FOREVER",Sports,Medium,105.80,0.174300,20,20,4.0000,2,3,"AUDREY OLIVIER",13
"EGG IGBY",Documentary,Medium,105.79,0.174200,21,21,5.3333,1,1,"LUCILLE TRACY",11
"ROBBERS JOON",Children,Medium,105.69,0.174100,31,31,4.3548,5,5,"MILLA PECK",11
"WEST LION",Drama,Long,104.84,0.172700,16,16,4.6250,2,3,"ZERO CAGE",16
"STEPMOM DREAM",Foreign,Short,104.80,0.172600,20,20,4.7500,1,1,"WALTER TORN",12
"ARIZONA BANG",Classics,Long,104.79,0.172600,21,21,3.9048,0,3,"KARL BERRY",11
"HYDE DOCTOR",Classics,Medium,104.73,0.172500,26,25,3.7200,3,5,"CUBA OLIVIER",12
"TYCOON GATHERING",Games,Medium,103.88,0.171100,12,12,5.9167,0,1,"VIVIEN BERGEN",15
"CORE SUIT",Classics,Medium,103.82,0.171000,18,18,4.8333,1,2,"PENELOPE PINKETT",13
"DRAGONFLY STRANGERS",New,Long,103.82,0.171000,18,18,4.4706,2,3,"CHRISTIAN GABLE",19
"METAL ARMAGEDDON",Documentary,Long,103.75,0.170900,25,24,5.6400,3,5,"JOHNNY LOLLOBRIGIDA",12
"INVASION CYCLONE",Children,Medium,103.73,0.170900,27,27,4.0000,1,3,"WOODY JOLIE",12
"ENGLISH BULWORTH",Sci-Fi,Short,103.70,0.170800,30,29,4.6000,4,6,"MENA TEMPLE",13
"BILKO ANONYMOUS",Family,Medium,102.87,0.169400,13,13,4.7692,1,2,"GOLDIE BRODY",10
"FRENCH HOLIDAY",Documentary,Medium,102.83,0.169400,17,17,4.5882,1,3,"ED CHASE",13
"CONFUSED CANDLES",Family,Long,102.83,0.169400,17,17,5.4118,0,3,"CHRISTIAN AKROYD",11
"GROUNDHOG UNCUT",Comedy,Long,102.82,0.169400,18,18,4.9412,2,3,"UMA WOOD",12
"AIRPORT POLLOCK",Horror,Short,102.82,0.169400,18,18,4.8333,3,3,"FAY KILMER",14
"PATTON INTERVIEW",Horror,Long,102.77,0.169300,23,22,4.3043,1,3,"JOHNNY LOLLOBRIGIDA",15
"PAYCHECK WAIT",Drama,Long,101.84,0.167700,16,16,4.1250,0,2,"GARY PENN",17
"RULES HUMAN",Horror,Long,101.84,0.167700,16,16,6.0625,2,3,"PENELOPE GUINESS",16
"ATTACKS HATE",Sci-Fi,Medium,101.84,0.167700,16,16,5.2500,0,2,"DAN TORN",14
"BROTHERHOOD BLANKET",Documentary,Medium,101.74,0.167600,26,26,5.1538,3,5,"FRED COSTNER",14
"CAMELOT VACATION",Sci-Fi,Medium,101.73,0.167600,27,26,5.0000,2,5,"JUDE CRUISE",15
"BEHAVIOR RUNAWAY",Horror,Medium,100.87,0.166100,13,13,4.9231,1,2,"TIM HACKMAN",17
"QUILLS BULL",Documentary,Medium,100.84,0.166100,16,16,3.8750,2,3,"FAY WINSLET",15
"POSEIDON FOREVER",Sports,Long,100.83,0.166100,17,17,4.7647,0,2,"JENNIFER DAVIS",14
"JASON TRAP",Family,Long,100.76,0.166000,24,24,4.6522,1,3,"GOLDIE BRODY",12
"ICE CROSSING",Games,Long,100.76,0.166000,24,24,4.5000,2,3,"MENA TEMPLE",16
"CONQUERER NUTS",Drama,Long,99.84,0.164400,16,16,3.6875,2,3,"MATTHEW JOHANSSON",18
"MERMAID INSECTS",Sports,Medium,99.84,0.164400,16,16,4.6250,1,2,"FRANCES DAY-LEWIS",15
"IGBY MAKER",Travel,Long,99.81,0.164400,19,19,4.9444,2,3,"BETTE NICHOLSON",9
"SHOCK CABIN",Foreign,Medium,99.70,0.164200,30,30,4.9643,0,6,"LAURA BRODY",13
"HALL CASSIDY",Children,Short,98.84,0.162800,16,16,4.5625,0,1,"JOHNNY LOLLOBRIGIDA",13
"PICKUP DRIVING",Sports,Medium,98.84,0.162800,16,16,5.3750,1,3,"JODIE DEGENERES",16
"BIKINI BORROWERS",Animation,Long,98.83,0.162800,17,17,5.4118,1,4,"BETTE NICHOLSON",13
"JERICHO MULAN",Games,Long,98.83,0.162800,17,17,5.1765,1,2,"ELVIS MARX",17
"HANOVER GALAXY",Music,Short,98.83,0.162800,17,17,3.8824,2,4,"JENNIFER DAVIS",9
"BALLOON HOMEWARD",Music,Medium,98.77,0.162700,23,23,5.0000,1,5,"PARKER GOLDBERG",10
"SWEETHEARTS SUSPECTS",Children,Medium,98.71,0.162600,29,28,4.7857,2,4,"JOE SWANK",14
"MARRIED GO",Sci-Fi,Medium,98.70,0.162600,30,30,4.2333,2,5,"GOLDIE BRODY",16
"WIZARD COLDBLOODED",Music,Medium,97.84,0.161200,16,16,3.4375,1,2,"PENELOPE GUINESS",11
"HELLFIGHTERS SIERRA",Foreign,Medium,97.80,0.161100,20,20,3.6500,1,2,"GRACE MOSTEL",14
"SEA VIRGIN",Drama,Medium,97.78,0.161100,22,22,4.3182,2,3,"GOLDIE BRODY",19
"EXPENDABLE STALLION",Documentary,Medium,97.72,0.161000,28,27,4.5714,2,4,"FRANCES DAY-LEWIS",16
"DESTINY SATURDAY",New,Short,96.84,0.159500,16,16,3.5000,1,2,"NICK WAHLBERG",20
"CANDIDATE PERDITION",Classics,Medium,96.81,0.159500,18,17,5.6471,1,1,"SANDRA KILMER",14
"VACATION BOONDOCK",Sci-Fi,Long,96.79,0.159400,21,21,4.1905,2,3,"CHRISTIAN GABLE",17
"BARBARELLA STREETCAR",Sci-Fi,Medium,96.75,0.159400,25,25,5.4800,3,5,"MARY TANDY",18
"DEER VIRGINIAN",Music,Medium,96.72,0.159300,29,27,4.9643,2,4,"GINA DEGENERES",12
"JUGGLER HARDLY",Animation,Short,96.68,0.159200,32,31,5.0645,3,6,"MILLA PECK",14
"DAISY MENAGERIE",Sci-Fi,Medium,95.84,0.157900,16,16,3.8750,1,3,"JOHNNY LOLLOBRIGIDA",19
"INCH JET",Animation,Long,95.82,0.157800,18,18,4.1111,0,2,"UMA WOOD",15
"OZ LIAISONS",Animation,Medium,95.76,0.157700,24,23,3.5417,2,4,"SANDRA KILMER",16
"SEABISCUIT PUNK",Sports,Medium,95.74,0.157700,26,25,4.8800,2,3,"ADAM GRANT",17
"MUSCLE BRIGHT",Travel,Long,95.70,0.157600,30,30,3.8333,2,5,"SEAN WILLIAMS",10
"GOLD RIVER",Comedy,Long,94.86,0.156200,14,14,4.7857,0,3,"GROUCHO DUNST",13
"SPY MILE",Games,Medium,94.73,0.156000,27,27,4.5556,0,5,"WOODY HOFFMAN",18
"MODEL FISH",Children,Long,93.85,0.154600,15,14,3.8000,2,2,"UMA WOOD",15
"DYING MAKER",Comedy,Long,93.83,0.154500,17,17,3.6471,2,3,"GROUCHO SINATRA",14
"VIRGIN DAISY",Drama,Long,93.83,0.154500,17,16,4.5294,1,2,"DAN TORN",20
"DARN FORRESTER",Action,Long,93.82,0.154500,18,18,5.2778,1,3,"BOB FAWCETT",14
"COLOR PHILADELPHIA",Classics,Long,93.76,0.154400,24,24,5.1667,2,4,"PENELOPE GUINESS",15
"WARDROBE PHANTOM",Drama,Long,93.73,0.154400,27,27,4.3333,4,5,"NICK WAHLBERG",21
"BRIGHT ENCOUNTERS",Drama,Medium,92.87,0.153000,13,13,4.7692,1,3,"CAMERON ZELLWEGER",22
"FLASH WARS",New,Long,92.87,0.153000,13,13,4.4615,0,2,"NICK WAHLBERG",21
"EDGE KISSING",Drama,Long,92.85,0.152900,15,15,4.4000,2,2,"JAYNE NEESON",23
"PURE RUNNER",Comedy,Long,92.84,0.152900,16,16,5.4667,1,1,"CAMERON STREEP",15
"MUSKETEERS WAIT",Classics,Medium,92.83,0.152900,17,16,4.1176,1,2,"BEN HARRIS",16
"SLEEPY JAPANESE",New,Long,92.80,0.152800,21,21,4.7000,2,4,"GRACE MOSTEL",22
"SILVERADO GOLDFINGER",Sci-Fi,Medium,91.88,0.151300,12,12,6.1818,0,1,"JENNIFER DAVIS",20
"BETRAYED REAR",Children,Long,91.85,0.151300,15,15,4.4667,2,2,"CHRISTIAN AKROYD",16
"SAGEBRUSH CLUELESS",Documentary,Medium,91.84,0.151300,16,16,5.8750,1,2,"LUCILLE TRACY",17
"SLACKER LIAISONS",Drama,Long,91.83,0.151300,17,16,4.1765,1,1,NULL,24
"AFFAIR PREJUDICE",Horror,Medium,91.77,0.151200,23,22,4.3636,2,2,"JODIE DEGENERES",18
"TELEMARK HEARTBREAKERS",Animation,Long,91.75,0.151100,25,23,4.2400,1,3,"KARL BERRY",17
"HALF OUTFIELD",Family,Long,91.75,0.151100,26,26,4.2500,3,4,"ANNE CRONYN",13
"BLACKOUT PRIVATE",Animation,Medium,91.73,0.151100,27,26,3.8519,3,4,"SANDRA KILMER",18
"CONNECTICUT TRAMP",Sci-Fi,Long,90.87,0.149700,13,13,5.0769,1,3,"KARL BERRY",21
"CAMPUS REMEMBER",Action,Long,90.81,0.149600,19,18,5.7368,1,2,"MATTHEW JOHANSSON",15
"BASIC EASY",Travel,Medium,90.79,0.149500,21,21,4.1000,1,2,"JESSICA BAILEY",11
"ALIEN CENTER",Foreign,Short,90.78,0.149500,22,22,4.4091,2,3,"BURT DUKAKIS",15
"FLATLINERS KILLER",Sports,Medium,90.78,0.149500,22,20,4.7273,2,4,"NICK STALLONE",18
"ELEPHANT TROJAN",Horror,Long,89.86,0.148000,14,14,4.2143,3,3,"PENELOPE GUINESS",19
"CHICAGO NORTH",Games,Long,89.84,0.148000,16,15,5.0000,1,2,"MAE HOFFMAN",19
"COLDBLOODED DARLING",Sci-Fi,Medium,89.84,0.148000,16,15,5.2500,0,2,"BETTE NICHOLSON",22
"DISTURBING SCARFACE",Sci-Fi,Medium,89.74,0.147800,26,26,3.9615,3,4,"ANGELINA ASTAIRE",23
"PITTSBURGH HUNCHBACK",Family,Long,88.88,0.146400,12,12,5.7500,1,2,"RIP CRAWFORD",14
"MEMENTO ZOOLANDER",Comedy,Medium,88.87,0.146400,13,12,4.9231,0,1,"TOM MIRANDA",16
"MOONWALKER FOOL",Games,Long,88.87,0.146400,13,13,5.5000,1,2,"ZERO CAGE",20
"SUBMARINE BED",Comedy,Long,88.85,0.146300,15,15,3.6000,1,3,"JENNIFER DAVIS",17
"PANTHER REDS",Sci-Fi,Medium,88.85,0.146300,15,15,4.6667,0,1,"BEN WILLIS",24
"LOSER HUSTLER",Sports,Medium,88.85,0.146300,15,15,4.6667,1,3,"MATTHEW JOHANSSON",19
"PLUTO OLEANDER",New,Medium,88.84,0.146300,16,16,3.7500,2,3,"KIRSTEN PALTROW",23
"RUSH GOODFELLAS",Family,Short,88.69,0.146100,31,29,4.0323,2,5,"KIRK JOVOVICH",15
"CINCINATTI WHISPERER",Sci-Fi,Long,87.87,0.144700,13,13,6.0000,1,2,"ANNE CRONYN",25
"HYSTERICAL GRAIL",Sports,Long,87.85,0.144700,15,15,3.8667,0,3,"BURT POSEY",20
"FORREST SONS",Action,Medium,87.82,0.144600,18,18,5.0556,1,2,"ED CHASE",16
"VANISHING ROCKY",Music,Long,87.82,0.144600,18,18,4.2353,1,2,"MATTHEW JOHANSSON",13
"NORTHWEST POLISH",Sports,Long,87.80,0.144600,20,20,5.4500,2,3,"MICHELLE MCCONAUGHEY",21
"ATLANTIS CAUSE",Family,Long,87.76,0.144500,24,24,4.2083,2,3,"WOODY HOFFMAN",16
"OPERATION OPERATION",Comedy,Long,87.73,0.144500,27,26,3.9231,2,3,"CHRISTIAN AKROYD",18
"HORROR REIGN",Travel,Long,87.73,0.144500,27,26,4.2963,2,3,"JOE SWANK",12
"SUPER WYOMING",Family,Short,86.87,0.143100,13,13,5.5385,1,2,"TOM MIRANDA",17
"LAWLESS VISION",Animation,Long,86.84,0.143000,17,17,3.6875,2,3,"JOE SWANK",19
"JEEPERS WEDDING",Classics,Medium,86.84,0.143000,16,16,4.8750,1,3,"ED CHASE",17
"WANDA CHAMBER",Games,Medium,86.84,0.143000,16,16,4.7333,1,3,"BURT DUKAKIS",21
"JEKYLL FROGMEN",New,Short,86.83,0.143000,17,16,4.5882,1,1,"NICK WAHLBERG",24
"STAR OPERATION",Sports,Long,86.79,0.143000,21,21,5.2000,1,1,"JOHNNY LOLLOBRIGIDA",22
"STRANGELOVE DESIRE",Children,Medium,86.76,0.142900,24,24,5.5833,2,3,"JUDE CRUISE",17
"CHAMPION FLATLINERS",Animation,Short,85.87,0.141400,13,13,4.3846,1,3,"FRANCES DAY-LEWIS",20
"ANTHEM LUKE",Comedy,Medium,85.85,0.141400,15,15,4.4000,3,3,"MILLA KEITEL",19
"STEERS ARMAGEDDON",Sports,Long,85.85,0.141400,15,15,4.4667,0,3,"DAN HARRIS",23
"HURRICANE AFFAIR",Comedy,Short,85.76,0.141300,24,24,4.7500,1,3,"KIRSTEN AKROYD",20
"CLASH FREDDY",Animation,Medium,85.75,0.141200,25,25,4.5200,1,4,"UMA WOOD",21
"TRACY CIDER",Animation,Long,85.74,0.141200,26,26,4.6154,1,5,"GRACE MOSTEL",22
"ISLAND EXORCIST",Classics,Medium,85.74,0.141200,26,26,4.4231,3,4,"RAY JOHANSSON",18
"CONTACT ANONYMOUS",Travel,Long,85.74,0.141200,26,25,4.5385,2,4,"MENA TEMPLE",13
"AUTUMN CROW",Games,Medium,84.89,0.139800,11,11,4.5455,1,2,"DUSTIN TAUTOU",22
"RAGING AIRPLANE",Sci-Fi,Long,84.87,0.139800,13,13,4.2308,1,1,"BOB FAWCETT",26
"PEACH INNOCENT",Sports,Long,84.85,0.139800,14,14,5.2308,1,2,"TIM HACKMAN",24
"COMFORTS RUSH",Travel,Medium,84.83,0.139700,17,17,4.1765,2,3,"RUSSELL TEMPLE",14
"BLUES INSTINCT",Family,Short,84.79,0.139700,21,21,4.0476,2,4,"CAMERON STREEP",18
"MURDER ANTITRUST",Children,Long,84.77,0.139600,23,23,4.6957,2,4,"KIRK JOVOVICH",18
"DOWNHILL ENOUGH",Comedy,Short,84.75,0.139600,25,25,4.7200,3,3,"WOODY JOLIE",21
"MALKOVICH PET",Classics,Long,84.74,0.139600,26,25,3.6923,3,3,"GRACE MOSTEL",19
"NONE SPIKING",Sci-Fi,Medium,84.73,0.139600,27,26,4.6154,1,6,"WOODY HOFFMAN",27
"CALIFORNIA BIRDS",Sports,Medium,83.88,0.138200,12,11,4.8333,1,1,"SCARLETT BENING",25
"DEVIL DESIRE",Action,Medium,83.85,0.138100,15,15,4.4286,1,3,"MARY TANDY",17
"CAROL TEXAS",Animation,Long,83.82,0.138100,18,18,4.7778,0,2,"FRED COSTNER",23
"EYES DRIVING",Sci-Fi,Long,83.81,0.138000,19,18,4.4211,2,3,"DAN HARRIS",28
"FLYING HOOK",Animation,Medium,83.80,0.138000,20,19,5.4211,1,3,"CUBA OLIVIER",24
"WAIT CIDER",Animation,Medium,83.79,0.138000,21,19,5.2857,3,3,"WOODY HOFFMAN",25
"OSCAR GOLD",Animation,Medium,83.75,0.137900,25,24,4.6800,0,4,"BOB FAWCETT",26
"DARKO DORADO",Action,Long,82.89,0.136500,11,11,4.8182,1,1,"DUSTIN TAUTOU",18
"CREEPERS KANE",Classics,Long,82.86,0.136500,14,14,3.7857,1,2,"CHRISTOPHER BERRY",20
"AIRPLANE SIERRA",Comedy,Medium,82.85,0.136500,15,15,3.9333,0,2,"JIM MOSTEL",22
"HOLIDAY GAMES",Foreign,Medium,82.85,0.136500,15,15,4.6667,0,3,"DAN HARRIS",16
"WORDS HUNTER",Music,Medium,82.84,0.136400,16,15,4.5000,2,2,"GENE WILLIS",14
"CASABLANCA SUPER",Travel,Medium,82.84,0.136400,16,16,3.6875,0,2,"KIRSTEN AKROYD",15
"NATIONAL STORY",Documentary,Medium,82.81,0.136400,19,19,4.0526,1,2,"JENNIFER DAVIS",18
"UNBREAKABLE KARATE",New,Medium,82.79,0.136400,21,21,5.1429,2,4,"KIRSTEN PALTROW",25
"SHAKESPEARE SADDLE",Sports,Short,82.78,0.136300,22,22,5.0455,1,3,"CHRISTIAN GABLE",26
"SWEET BROTHERHOOD",Travel,Long,81.85,0.134800,15,15,4.5333,3,3,"MILLA KEITEL",16
"TROJAN TOMORROW",Sci-Fi,Short,81.80,0.134700,19,19,3.1667,2,2,"ELVIS MARX",29
"DREAM PICKUP",Action,Long,81.78,0.134700,22,22,4.6818,2,4,"MILLA PECK",19
"GENTLEMEN STAGE",Foreign,Long,81.77,0.134700,23,21,4.7391,2,3,"TOM MCKELLEN",17
"WEDDING APOLLO",Documentary,Medium,81.76,0.134700,24,22,4.7826,3,4,"ED CHASE",19
"GOLDFINGER SENSIBILITY",Drama,Medium,81.76,0.134700,24,24,4.5417,2,3,"CHRISTIAN GABLE",25
"LOSE INCH",Foreign,Long,81.73,0.134600,27,26,4.0000,1,3,"LUCILLE TRACY",18
"GRAFFITI LOVE",Sci-Fi,Medium,81.70,0.134600,30,30,3.5667,4,5,"JOHNNY CAGE",30
"HOBBIT ALIEN",Drama,Long,81.69,0.134500,31,31,5.1613,3,6,"VIVIEN BERGEN",26
"TIES HUNGER",Children,Medium,80.89,0.133200,11,11,4.6364,1,2,"JOE SWANK",19
"DEEP CRUSADE",Documentary,Short,80.86,0.133200,14,14,5.2308,1,2,"TIM HACKMAN",20
"HUMAN GRAFFITI",Games,Medium,80.85,0.133200,15,15,4.5333,0,1,"PENELOPE GUINESS",23
"CHARADE DUFFEL",Sci-Fi,Medium,80.85,0.133200,15,15,4.6000,2,2,"GREG CHAPLIN",31
"ORIENT CLOSER",Drama,Medium,80.83,0.133100,17,16,3.8235,0,2,"LUCILLE TRACY",27
"IDAHO LOVE",New,Long,80.83,0.133100,17,17,3.5294,1,2,"TOM MCKELLEN",26
"ESCAPE METROPOLIS",Travel,Long,80.75,0.133000,25,25,4.1200,1,6,"JOHNNY LOLLOBRIGIDA",17
"VAMPIRE WHALE",New,Long,79.88,0.131600,12,12,4.4167,1,2,"JOHNNY CAGE",27
"HOME PITY",Music,Long,79.86,0.131500,14,14,5.7857,2,3,"KIRSTEN PALTROW",15
"SONS INTERVIEW",Animation,Long,79.84,0.131500,15,14,4.6923,0,1,"SANDRA KILMER",27
"BAKED CLEOPATRA",Family,Long,79.84,0.131500,16,16,4.0667,1,1,"MICHELLE MCCONAUGHEY",19
"FERRIS MOTHER",Comedy,Long,79.83,0.131500,17,17,3.5294,1,4,"SISSY SOBIESKI",23
"PARADISE SABRINA",Comedy,Short,79.82,0.131500,18,18,4.7222,0,0,"JODIE DEGENERES",24
"TROUBLE DATE",Travel,Medium,79.78,0.131400,23,23,4.5000,1,5,"CHRISTIAN GABLE",18
"OTHERS SOUP",Travel,Medium,79.77,0.131400,23,22,4.4783,3,4,"FRANCES DAY-LEWIS",19
"JUMPING WRATH",Children,Medium,79.76,0.131400,24,24,5.5000,3,4,"ELVIS MARX",20
"WEREWOLF LOLA",Action,Medium,78.86,0.129900,14,14,4.3571,2,3,"CUBA OLIVIER",20
"INTENTIONS EMPIRE",Animation,Medium,78.83,0.129800,17,17,4.0000,0,0,"ANGELINA ASTAIRE",28
"BERETS AGENT",Action,Medium,78.78,0.129800,21,21,3.9000,1,2,"GRACE MOSTEL",21
"LONELY ELEPHANT",Comedy,Medium,77.85,0.128200,15,15,4.3333,2,2,"RIP CRAWFORD",25
"BOILED DARES",Travel,Medium,77.85,0.128200,15,14,4.2667,2,2,"DAN TORN",20
"JACKET FRISCO",Drama,Long,77.82,0.128200,18,18,4.5556,1,2,"BOB FAWCETT",28
"QUEST MUSSOLINI",Action,Long,77.80,0.128100,20,20,3.7500,0,3,"JUDY DEAN",22
"HARPER DYING",Animation,Short,77.80,0.128100,20,20,5.1000,0,3,"KENNETH TORN",29
"CROSSROADS CASUALTIES",Animation,Long,77.79,0.128100,21,21,3.9048,0,2,"BETTE NICHOLSON",30
"MALLRATS UNITED",Comedy,Long,77.75,0.128100,25,23,5.1200,3,4,"NICK WAHLBERG",26
"BEAST HUNCHBACK",Classics,Medium,76.89,0.126600,11,11,4.0000,1,2,"BETTE NICHOLSON",21
"TUXEDO MILE",Sports,Long,76.87,0.126600,13,13,5.5000,0,1,"DAN TORN",27
"GRINCH MASSAGE",Games,Long,76.86,0.126600,14,13,4.7857,0,1,"UMA WOOD",24
"BLINDNESS GUN",Sci-Fi,Medium,76.86,0.126600,14,14,4.6429,1,2,"BURT DUKAKIS",32
"IMAGE PRINCESS",Sports,Long,76.86,0.126600,14,14,4.4286,0,0,"ED CHASE",28
"MADISON TRAP",Documentary,Long,76.85,0.126600,15,15,5.5333,2,2,"RIP CRAWFORD",21
"BADMAN DAWN",Sci-Fi,Long,76.79,0.126500,21,20,4.1429,0,4,"BEN WILLIS",33
"FROST HEAD",Classics,Medium,76.70,0.126300,30,28,5.2069,1,5,"ED CHASE",22
"STRANGER STRANGERS",Children,Long,75.89,0.125000,11,11,4.0000,1,1,"HELEN VOIGHT",21
"LIBERTY MAGNIFICENT",Sports,Long,75.88,0.125000,12,12,5.5000,1,1,"BETTE NICHOLSON",29
"DADDY PITTSBURGH",Comedy,Long,75.87,0.125000,13,13,4.7692,2,2,"JOHNNY LOLLOBRIGIDA",27
"SEARCHERS WAIT",Comedy,Long,75.86,0.124900,14,14,4.5714,0,3,"SUSAN DAVIS",28
"CONFESSIONS MAGUIRE",Drama,Medium,75.86,0.124900,14,14,4.2857,1,1,"GRACE MOSTEL",29
"HOLES BRANNIGAN",Sports,Long,75.86,0.124900,15,15,4.9286,0,2,"KARL BERRY",30
"HOPE TOOTSIE",Classics,Long,75.82,0.124900,18,18,3.7778,1,3,"GREG CHAPLIN",23
"BIRCH ANTITRUST",Music,Long,74.89,0.123300,11,11,4.9091,0,0,"JOE SWANK",16
"BRANNIGAN SUNRISE",New,Long,74.88,0.123300,12,12,3.9167,2,2,"RIP CRAWFORD",28
"IMPOSSIBLE PREJUDICE",Foreign,Medium,74.86,0.123300,14,14,4.5000,0,2,"FRED COSTNER",19
"LUST LOCK",Action,Short,74.82,0.123200,15,14,3.0769,0,1,"ANNE CRONYN",23
"WEEKEND PERSONAL",Sci-Fi,Long,74.82,0.123200,18,18,4.3889,1,3,"ED CHASE",34
"HOMICIDE PEACH",Family,Long,74.78,0.123200,22,22,3.6364,1,4,"BOB FAWCETT",20
"HOUSE DYNAMITE",Family,Medium,74.77,0.123200,23,22,4.3043,2,4,"NATALIE HOPKINS",21
"DOUBLE WRATH",Animation,Long,74.75,0.123100,25,24,4.9600,2,4,"KEVIN BLOOM",31
"THIN SAGEBRUSH",Documentary,Short,73.89,0.121700,11,11,5.0909,0,1,"ZERO CAGE",22
"CHISUM BEHAVIOR",Family,Long,73.87,0.121700,13,13,4.0769,2,2,"NICK WAHLBERG",22
"OUTLAW HANKY",Travel,Long,73.86,0.121700,14,13,4.4615,0,0,"ELVIS MARX",21
"WORST BANGER",Action,Long,73.84,0.121600,16,16,4.6250,1,2,"PARKER GOLDBERG",24
"ZOOLANDER FICTION",Children,Medium,73.83,0.121600,17,17,5.1765,1,2,"CARMEN HUNT",22
"REMEMBER DIARY",Family,Medium,73.82,0.121600,18,18,4.5000,1,2,"JODIE DEGENERES",23
"FANTASIA PARK",Games,Long,73.81,0.121600,19,18,4.4211,0,3,"WARREN NOLTE",25
"INSIDER ARIZONA",Music,Medium,73.80,0.121600,20,19,3.4444,2,4,"DAN TORN",17
"DOOM DANCING",Comedy,Medium,73.79,0.121500,21,20,5.8095,3,4,"CAMERON STREEP",29
"SINNERS ATLANTIS",Horror,Long,73.78,0.121500,22,21,5.0000,2,3,"HELEN VOIGHT",20
"MADNESS ATTACKS",Foreign,Long,73.75,0.121500,25,25,4.9200,2,5,"FRANCES DAY-LEWIS",20
"PAST SUICIDES",Foreign,Long,72.87,0.120000,13,13,3.8462,1,1,"GENE WILLIS",21
"WYOMING STORM",New,Medium,72.87,0.120000,13,13,4.0000,2,2,"BETTE NICHOLSON",29
"GAMES BOWFINGER",Travel,Medium,72.86,0.120000,14,14,3.5000,2,2,"JULIA MCQUEEN",22
"POTTER CONNECTICUT",Animation,Medium,72.83,0.120000,17,17,4.5294,2,2,"WARREN NOLTE",32
"EGYPT TENENBAUMS",Horror,Medium,72.83,0.120000,17,17,5.7059,1,2,"CUBA OLIVIER",21
"INSTINCT AIRPORT",Sports,Medium,72.82,0.119900,18,18,3.6111,1,3,"JENNIFER DAVIS",31
"NEIGHBORS CHARADE",Sports,Long,72.81,0.119900,19,18,5.0000,1,2,"WOODY HOFFMAN",32
"LEBOWSKI SOLDIERS",Drama,Medium,72.79,0.119900,21,21,3.8095,2,4,"JOE SWANK",30
"SNOWMAN ROLLERCOASTER",Animation,Medium,72.77,0.119900,23,23,4.3913,2,3,"UMA WOOD",33
"HILLS NEIGHBORS",Action,Medium,72.75,0.119800,25,25,5.8800,4,4,"VIVIEN BERGEN",25
"ALABAMA DEVIL",Horror,Medium,71.88,0.118400,12,12,5.2500,0,0,"CHRISTIAN GABLE",22
"BRINGING HYSTERICAL",Comedy,Long,71.80,0.118300,20,20,5.2500,0,2,"FRANCES DAY-LEWIS",30
"CHARIOTS CONSPIRACY",Sci-Fi,Medium,71.79,0.118200,21,21,3.6190,2,4,"GINA DEGENERES",35
"SWARM GOLD",Horror,Long,71.73,0.118100,27,27,4.3462,3,3,"JESSICA BAILEY",23
"TEMPLE ATTRACTION",Horror,Medium,70.88,0.116700,12,12,4.0000,1,1,"MILLA PECK",24
"JINGLE SAGEBRUSH",Classics,Long,70.87,0.116700,13,13,3.6154,1,3,"KIM ALLEN",24
"SATURN NAME",Comedy,Long,70.87,0.116700,13,13,4.8462,0,2,"ANGELINA ASTAIRE",31
"USUAL UNTOUCHABLES",Foreign,Long,70.87,0.116700,13,12,3.1538,1,1,"CHRISTIAN GABLE",22
"TURN STAR",Animation,Medium,70.86,0.116700,14,14,3.7143,1,2,"MAE HOFFMAN",34
"DINOSAUR SECRETARY",Family,Medium,70.80,0.116600,20,19,5.1500,0,1,"LUCILLE TRACY",24
"AMISTAD MIDSUMMER",New,Medium,70.79,0.116600,21,21,4.2000,0,3,"CARY MCCONAUGHEY",30
"RUGRATS SHAKESPEARE",Action,Medium,70.70,0.116400,30,30,4.1667,2,5,"JUDY DEAN",26
"FAMILY SWEET",Horror,Long,70.70,0.116400,29,29,4.1852,3,4,"SANDRA PECK",25
"MOTHER OLEANDER",Sports,Medium,69.86,0.115100,14,14,6.3571,1,1,"FRANCES DAY-LEWIS",33
"ARTIST COLDBLOODED",Sports,Long,69.84,0.115000,16,16,4.8750,2,3,"ED CHASE",34
"DRIVER ANNIE",Sports,Long,69.82,0.115000,18,17,3.3529,2,2,"UMA WOOD",35
"POLLOCK DELIVERANCE",Foreign,Long,69.81,0.115000,18,17,4.1176,1,1,"GOLDIE BRODY",23
"GUNFIGHTER MUSSOLINI",Sports,Long,68.88,0.113500,12,12,4.9167,0,1,"AUDREY OLIVIER",36
"FLIGHT LIES",Sports,Long,68.88,0.113500,12,12,6.8333,0,2,NULL,36
"NOON PAPI",Children,Short,68.83,0.113400,17,17,4.7059,2,3,"CUBA OLIVIER",23
"HONEY TIES",Sports,Medium,68.81,0.113300,19,19,5.1579,2,2,"ZERO CAGE",38
"CHICKEN HELLFIGHTERS",Documentary,Long,68.78,0.113300,22,22,4.1364,3,4,"KIRSTEN PALTROW",23
"DETECTIVE VISION",Classics,Long,68.73,0.113200,27,25,4.6154,3,5,"KENNETH TORN",25
"BILL OTHERS",Documentary,Medium,67.81,0.111700,19,19,4.2632,0,3,"DUSTIN TAUTOU",24
"EXCITEMENT EVE",Action,Short,67.79,0.111700,21,21,4.2381,1,3,"GRACE MOSTEL",27
"DIVIDE MONSTER",Sci-Fi,Medium,67.79,0.111700,21,21,4.1429,0,4,"SANDRA KILMER",36
"ORANGE GRAPES",Foreign,Medium,67.76,0.111600,24,24,4.7917,2,3,"MEG HAWKE",24
"TWISTED PIRATES",Children,Long,66.89,0.110200,11,11,3.4545,0,1,"NATALIE HOPKINS",24
"DANGEROUS UPTOWN",Foreign,Long,66.88,0.110200,12,11,5.5833,0,1,"ANNE CRONYN",25
"OPPOSITE NECKLACE",Family,Medium,66.87,0.110100,13,13,4.0833,2,2,"CHRISTIAN NEESON",25
"BAREFOOT MANCHURIAN",Action,Long,66.82,0.110100,18,18,4.5556,1,3,"JENNIFER DAVIS",28
"WONKA SEA",Animation,Medium,66.82,0.110100,18,18,4.1667,0,2,"JULIA MCQUEEN",35
"NORTH TEQUILA",Documentary,Medium,65.89,0.108500,11,11,3.5455,1,2,"GARY PHOENIX",25
"OPUS ICE",Foreign,Medium,65.89,0.108500,11,11,4.4545,1,2,"SEAN WILLIAMS",26
"WAR NOTTING",Foreign,Medium,65.88,0.108500,12,12,4.8333,0,1,"GRACE MOSTEL",27
"MEET CHOCOLATE",Foreign,Medium,65.88,0.108500,12,12,4.6667,1,1,"ZERO CAGE",27
"CHAMBER ITALIAN",Music,Medium,65.88,0.108500,13,13,6.1667,0,2,"ALEC WAYNE",18
"LOVELY JINGLE",Classics,Medium,65.86,0.108500,14,13,3.6923,0,1,"VIVIEN BERGEN",26
"CLONES PINOCCHIO",Music,Long,65.81,0.108400,19,18,4.2632,2,3,"MATTHEW JOHANSSON",19
"LOST BIRD",Foreign,Medium,64.88,0.106900,12,12,5.6667,2,2,"KIRK JOVOVICH",29
"NASH CHOCOLAT",Animation,Long,64.85,0.106800,15,15,5.6000,1,2,"JUDY DEAN",36
"MANCHURIAN CURTAIN",Family,Long,64.85,0.106800,15,15,4.9333,1,1,"RAY JOHANSSON",26
"DIVINE RESURRECTION",Games,Medium,64.85,0.106800,15,15,4.2857,0,3,"CHRISTIAN GABLE",26
"BEACH HEARTBREAKERS",Documentary,Long,64.83,0.106800,17,17,4.7059,2,3,"WOODY HOFFMAN",26
"POND SEATTLE",Animation,Long,64.81,0.106700,19,18,5.0526,1,2,"DARYL WAHLBERG",37
"GILMORE BOILED",Classics,Long,64.72,0.106600,28,28,4.7143,2,4,"WOODY HOFFMAN",27
"OCTOBER SUBMARINE",Classics,Short,63.89,0.105200,11,11,5.0909,1,2,"GRACE MOSTEL",28
"BIRD INDEPENDENCE",Travel,Long,63.89,0.105200,11,11,5.0909,1,2,"FAY KILMER",23
"JAWS HARRY",Comedy,Medium,63.86,0.105200,14,14,4.5000,1,1,"HELEN VOIGHT",32
"MASK PEACH",New,Long,63.83,0.105100,17,16,4.5882,3,3,"NICK WAHLBERG",31
"BOULEVARD MOB",New,Medium,63.82,0.105100,18,18,5.1765,1,2,"RIP CRAWFORD",32
"FURY MURDER",Children,Long,63.81,0.105100,19,19,4.6316,2,3,"KARL BERRY",25
"LOATHING LEGALLY",Classics,Long,63.73,0.105000,27,27,4.5000,1,4,"AUDREY OLIVIER",29
"HANDICAP BOONDOCK",Action,Medium,63.72,0.105000,28,28,4.1429,4,6,"ZERO CAGE",29
"REAP UNFAITHFUL",Horror,Long,62.84,0.103500,16,16,4.8125,0,2,"CHRISTIAN GABLE",26
"GASLIGHT CRUSADE",Horror,Medium,62.84,0.103500,16,16,3.5000,0,0,"GRACE MOSTEL",26
"ALONE TRIP",Music,Medium,62.82,0.103500,18,18,4.7059,1,2,"ED CHASE",20
"JADE BUNCH",Sports,Long,62.82,0.103500,18,18,3.8333,3,3,"CARMEN HUNT",39
"CIDER DESIRE",Documentary,Medium,62.81,0.103500,19,19,4.8421,2,2,"JULIA MCQUEEN",27
"EARRING INSTINCT",Family,Medium,62.81,0.103500,19,19,4.4737,1,2,"FRED COSTNER",27
"WRONG BEHAVIOR",Children,Long,62.80,0.103400,20,20,3.8500,0,2,"MILLA PECK",26
"PACIFIC AMISTAD",Documentary,Long,62.76,0.103400,24,24,3.5833,4,4,"JOHNNY LOLLOBRIGIDA",28
"DYNAMITE TARZAN",Classics,Long,62.75,0.103400,25,25,4.2000,1,2,"BOB FAWCETT",30
"MOD SECRETARY",Documentary,Medium,61.89,0.101900,11,11,4.5455,1,2,"CHRISTIAN GABLE",29
"STATE WASTELAND",Games,Medium,61.88,0.101900,13,13,5.0833,1,2,"DAN TORN",27
"KICK SAVANNAH",Travel,Long,61.80,0.101800,20,20,4.1053,3,3,"ANGELA HUDSON",24
"CIRCUS YOUTH",Children,Medium,60.85,0.100200,15,15,4.6667,1,2,"BOB FAWCETT",27
"UPRISING UPTOWN",Action,Long,60.84,0.100200,16,16,4.6875,2,2,"ANNE CRONYN",30
"ANACONDA CONFESSIONS",Animation,Medium,60.79,0.100100,21,21,4.0476,2,5,"PENELOPE GUINESS",38
"FIREBALL PHILADELPHIA",Comedy,Long,60.79,0.100100,21,20,5.0000,2,2,"VAL BOLGER",33
"PACKER MADIGAN",Animation,Medium,60.78,0.100100,22,22,3.9545,2,3,"TIM HACKMAN",39
"TIGHTS DAWN",Sports,Long,60.74,0.100000,26,25,4.7692,0,5,"VIVIEN BERGEN",40
"MASSAGE IMAGE",Animation,Long,59.88,0.098600,12,12,4.7500,1,2,"KEVIN BLOOM",40
"BORN SPINAL",Travel,Long,59.88,0.098600,12,12,3.5833,0,1,"KIRSTEN PALTROW",25
"WINDOW SIDE",Travel,Medium,59.88,0.098600,12,12,4.4545,0,3,"LUCILLE TRACY",25
"IDENTITY LOVER",Sci-Fi,Medium,59.87,0.098600,13,13,4.6154,1,2,"SANDRA KILMER",37
"NEMO CAMPUS",Sci-Fi,Long,59.86,0.098600,14,14,4.2857,0,1,"FAY KILMER",38
"OUTFIELD MASSACRE",Music,Long,59.80,0.098500,20,20,4.8421,1,3,"DAN STREEP",21
"FIGHT JAWBREAKER",Animation,Medium,59.78,0.098500,22,22,3.9048,2,4,"NICK WAHLBERG",41
"ANNIE IDENTITY",Sci-Fi,Medium,59.78,0.098500,22,22,3.8182,3,4,"ADAM GRANT",39
"MOCKINGBIRD HOLLYWOOD",Action,Short,59.76,0.098400,24,24,4.4348,1,3,"JULIA MCQUEEN",31
"TRAINSPOTTING STRANGERS",Comedy,Long,58.89,0.097000,11,11,4.9091,1,1,"GREG CHAPLIN",34
"VALLEY PACKER",Comedy,Medium,58.85,0.096900,15,15,4.8667,2,2,"TOM MIRANDA",35
"WILLOW TRACY",Family,Long,58.84,0.096900,16,16,4.8125,1,2,"REESE KILMER",28
"MUMMY CREATURES",Sports,Long,58.84,0.096900,16,16,5.2000,0,1,"HELEN VOIGHT",41
"HEAVEN FREEDOM",Comedy,Short,58.82,0.096900,18,18,4.4444,2,3,"BURT DUKAKIS",36
"FICTION CHRISTMAS",Foreign,Medium,58.81,0.096900,19,18,5.2105,0,1,"KEVIN BLOOM",30
"DALMATIONS SWEDEN",Drama,Medium,58.80,0.096800,20,20,4.9000,2,2,"JOE SWANK",31
"KARATE MOON",Horror,Medium,58.77,0.096800,23,23,4.3478,2,3,"JOHNNY CAGE",28
"SIERRA DIVIDE",Sports,Long,57.85,0.095300,15,15,5.0667,0,2,"JIM MOSTEL",42
"PILOT HOOSIERS",Family,Short,57.84,0.095300,16,16,4.5625,1,3,"JULIA MCQUEEN",29
"PERFECT GROOVE",Comedy,Medium,57.83,0.095300,17,17,5.7059,1,2,"KARL BERRY",37
"RACER EGG",Drama,Long,57.82,0.095200,18,18,4.1111,0,2,"ZERO CAGE",32
"ENOUGH RAGING",Travel,Long,57.82,0.095200,18,18,5.1176,1,3,"JOHNNY LOLLOBRIGIDA",27
"GABLES METROPOLIS",Family,Long,57.81,0.095200,19,19,4.3333,2,3,"FRED COSTNER",30
"RIVER OUTLAW",Sports,Long,57.81,0.095200,20,20,4.9474,1,2,"KIRSTEN PALTROW",43
"STRAIGHT HOURS",Sports,Long,57.80,0.095200,20,20,3.8000,1,2,"DAN HARRIS",44
"BOWFINGER GABLES",Horror,Medium,56.89,0.093700,11,11,2.7273,0,1,"KARL BERRY",29
"FUGITIVE MAGUIRE",Travel,Medium,56.89,0.093700,11,11,3.4545,0,1,"CUBA OLIVIER",28
"CREATURES SHAKESPEARE",Games,Long,56.84,0.093600,16,16,5.5000,0,2,"SUSAN DAVIS",28
"GRAPES FURY",Foreign,Long,56.77,0.093500,22,22,3.7619,0,3,"CARMEN HUNT",31
"IRON MOON",Classics,Short,55.89,0.092100,11,11,3.4545,0,2,"HELEN VOIGHT",31
"BUGSY SONG",Foreign,Medium,55.89,0.092100,11,11,4.9091,1,2,"WOODY JOLIE",32
"PURPLE MOVIE",Foreign,Medium,55.87,0.092000,13,13,3.6154,1,2,"TOM MCKELLEN",33
"ANALYZE HOOSIERS",Horror,Long,55.86,0.092000,14,14,5.1429,0,3,"TOM MCKELLEN",30
"SHANE DARKNESS",Travel,Medium,55.86,0.092000,14,14,4.9286,1,2,"CUBA OLIVIER",29
"DIRTY ACE",Games,Long,55.85,0.092000,15,15,4.8000,1,2,"VIVIEN BERGEN",29
"PATRIOT ROMAN",Action,Medium,55.84,0.092000,16,16,4.9375,1,2,"CARMEN HUNT",32
"UNITED PILOT",Documentary,Long,55.83,0.092000,17,17,4.5882,1,3,"VAL BOLGER",30
"GREEK EVERYONE",Foreign,Long,55.83,0.092000,17,17,4.4118,0,3,"SISSY SOBIESKI",34
"GUNFIGHT MOON",Comedy,Medium,55.76,0.091800,24,22,4.9091,3,4,"CARMEN HUNT",38
"SLUMS DUCK",Family,Long,55.76,0.091800,24,24,4.7083,2,3,"REESE KILMER",31
"DANCING FEVER",Documentary,Long,55.73,0.091800,27,26,5.7778,2,4,"KENNETH TORN",31
"GO PURPLE",Music,Short,54.80,0.090300,20,20,4.0000,1,3,"SEAN GUINESS",22
"HUNTING MUSKETEERS",Family,Medium,53.85,0.088700,15,15,4.7333,3,3,"CARY MCCONAUGHEY",32
"SCISSORHANDS SLUMS",Foreign,Long,53.85,0.088700,15,15,2.9333,3,3,"GRACE MOSTEL",35
"ROUGE SQUAD",Games,Medium,53.82,0.088600,18,17,4.1111,1,3,"PENELOPE MONROE",30
"REUNION WITCHES",Drama,Medium,53.80,0.088600,20,20,3.5000,2,3,"KARL BERRY",33
"SLEUTH ORIENT",Games,Medium,53.79,0.088600,21,19,4.4762,2,4,"RALPH CRUZ",31
"EFFECT GLADIATOR",Family,Medium,53.75,0.088500,25,24,5.0833,3,4,"JULIA MCQUEEN",33
"SUN CONFESSIONS",Sci-Fi,Long,53.75,0.088500,25,24,4.7600,2,3,"DAN TORN",40
"EXORCIST STING",Sports,Long,52.87,0.087100,13,13,4.6923,1,1,"GOLDIE BRODY",45
"SHRUNK DIVINE",Action,Long,52.86,0.087100,14,14,5.0000,1,1,"WOODY HOFFMAN",33
"ALLEY EVOLUTION",Foreign,Long,52.86,0.087100,14,14,5.0714,1,2,"KARL BERRY",36
"MADRE GABLES",Games,Medium,52.86,0.087100,14,14,6.4286,1,2,"TOM MIRANDA",32
"GRADUATE LORD",Children,Long,52.84,0.087000,16,15,4.6875,2,2,"EWAN GOODING",28
"FREAKY POCUS",Music,Long,52.83,0.087000,17,17,3.4118,2,3,"TOM MIRANDA",23
"NOVOCAINE FLIGHT",Sports,Medium,52.81,0.087000,19,19,4.8421,1,3,"KARL BERRY",46
"CHOCOLAT HARRY",Family,Medium,52.80,0.087000,20,20,5.2000,1,2,"JOE SWANK",34
"HAUNTING PIANIST",Games,Long,52.78,0.086900,22,22,5.0000,2,4,"JAYNE NEESON",33
"AFRICAN EGG",Family,Long,51.88,0.085500,12,12,6.7273,1,2,"GARY PHOENIX",35
"BREAKING HOME",New,Long,51.87,0.085400,13,13,3.5385,2,2,"GRACE MOSTEL",33
"MONSTER SPARTACUS",Music,Medium,51.85,0.085400,15,15,4.3571,1,3,"JUDE CRUISE",24
"CADDYSHACK JEDI",Action,Short,51.84,0.085400,16,13,4.2500,2,2,"ED CHASE",34
"MOULIN WAKE",Travel,Medium,51.84,0.085400,16,16,5.4375,0,1,"JESSICA BAILEY",30
"PIRATES ROXANNE",Sports,Medium,51.78,0.085300,21,21,4.5500,1,3,"HUMPHREY WILLIS",47
"VIRGINIAN PLUTO",Documentary,Long,51.71,0.085200,29,27,3.8571,2,5,"KARL BERRY",32
"WORKER TARZAN",Travel,Long,50.85,0.083800,15,15,4.8000,0,2,"ZERO CAGE",31
"INDIAN LOVE",Family,Long,50.84,0.083700,16,16,5.1250,1,1,"NICK WAHLBERG",36
"LOCK REAR",Travel,Medium,50.84,0.083700,16,16,3.6875,2,3,"WALTER TORN",32
"KWAI HOMEWARD",Drama,Short,50.77,0.083600,23,22,4.7391,2,4,"NATALIE HOPKINS",34
"BOUND CHEAPER",Classics,Medium,50.76,0.083600,24,24,4.7391,0,2,"KARL BERRY",32
"POTLUCK MIXED",Animation,Long,49.89,0.082200,11,11,3.7273,1,1,"BETTE NICHOLSON",42
"EXPRESS LONELY",Sci-Fi,Long,49.87,0.082100,13,13,3.7692,1,2,"ALEC WAYNE",41
"TOWN ARK",Foreign,Long,49.86,0.082100,14,14,3.7143,1,2,"GRACE MOSTEL",37
"PERSONAL LADYBUGS",Music,Medium,49.86,0.082100,14,14,4.9286,1,2,"BOB FAWCETT",25
"WASTELAND DIVINE",Classics,Medium,49.85,0.082100,15,15,4.2000,1,3,"LUCILLE TRACY",33
"MODERN DORADO",Documentary,Medium,49.85,0.082100,15,15,4.8667,2,3,"LUCILLE TRACY",33
"HOURS RAGE",New,Long,49.81,0.082000,19,19,4.5789,1,3,"ALEC WAYNE",34
"RIDER CADDYSHACK",Sports,Long,48.89,0.080500,11,11,5.0909,0,0,"UMA WOOD",48
"DARKNESS WAR",Drama,Medium,48.87,0.080500,13,13,5.1538,1,1,"GENE WILLIS",35
"CYCLONE FAMILY",Foreign,Long,48.86,0.080500,15,15,4.7143,1,2,"HELEN VOIGHT",38
"HAMLET WISDOM",Sci-Fi,Long,48.86,0.080500,14,14,5.8571,2,2,"JOHNNY CAGE",42
"VARSITY TRIP",New,Medium,48.84,0.080400,16,16,3.4667,0,3,"NICK STALLONE",35
"ROCK INSTINCT",Horror,Medium,48.83,0.080400,17,15,4.5882,0,2,"MILLA PECK",31
"GOLDMINE TYCOON",Sci-Fi,Long,48.73,0.080300,27,26,4.8889,3,4,"SANDRA KILMER",43
"VOYAGE LEGALLY",Classics,Medium,48.72,0.080200,28,27,4.9286,3,4,"CARMEN HUNT",34
"ENTRAPMENT SATISFACTION",Action,Long,47.85,0.078800,15,15,5.8000,2,2,"FRED COSTNER",35
"LABYRINTH LEAGUE",Children,Short,47.85,0.078800,15,15,3.5333,2,2,"TOM MIRANDA",29
"SHIP WONDERLAND",Documentary,Medium,47.85,0.078800,15,15,2.6000,1,2,"AUDREY OLIVIER",34
"NEWTON LABYRINTH",Foreign,Medium,47.83,0.078800,17,17,4.8235,1,3,"SEAN WILLIAMS",39
"TRAMP OTHERS",Comedy,Long,47.80,0.078700,20,19,4.8000,2,3,"RIP CRAWFORD",39
"MICROCOSMOS PARADISE",Children,Medium,46.87,0.077200,13,13,5.0000,1,1,"HELEN VOIGHT",30
"PARIS WEEKEND",Horror,Long,46.86,0.077200,14,14,5.4286,0,3,"PENELOPE PINKETT",32
"TROOPERS METAL",New,Medium,46.86,0.077200,14,14,4.5714,0,0,"JULIA BARRYMORE",36
"SHREK LICENSE",Foreign,Long,46.85,0.077200,15,15,3.0714,3,3,"FRANCES DAY-LEWIS",40
"STORM HAPPINESS",Animation,Short,46.71,0.076900,29,29,4.2759,2,4,"CHRISTOPHER BERRY",43
"SPEAKEASY DATE",Action,Long,45.88,0.075600,12,12,4.6667,1,2,"NICK STALLONE",36
"DATE SPEED",Family,Medium,45.87,0.075600,13,13,5.3077,1,1,"KARL BERRY",37
"UNCUT SUICIDES",Music,Long,45.86,0.075500,14,14,5.7143,1,2,"RAY JOHANSSON",26
"STOCK GLASS",New,Long,45.86,0.075500,14,14,3.1429,0,2,"VIVIEN BERGEN",37
"MIDNIGHT WESTWARD",Action,Medium,45.83,0.075500,17,16,3.8125,1,2,"WOODY HOFFMAN",37
"ARMAGEDDON LOST",Sci-Fi,Medium,45.79,0.075400,21,21,4.8000,1,2,"ANGELA HUDSON",44
"FANTASY TROOPERS",Action,Short,45.74,0.075300,26,24,4.7308,4,4,"NATALIE HOPKINS",38
"PARTY KNOCK",Comedy,Medium,44.87,0.073900,13,13,4.7692,0,2,"RIVER DEAN",40
"CLUB GRAFFITI",Animation,Medium,44.80,0.073800,19,19,4.1176,1,4,"TOM MCKELLEN",44
"WOMEN DORADO",Action,Long,44.78,0.073800,23,23,3.7273,2,2,"NICK STALLONE",39
"ALASKA PHANTOM",Music,Long,44.74,0.073700,26,24,4.8846,2,5,"VAL BOLGER",27
"FOREVER CANDIDATE",Children,Long,43.87,0.072300,13,13,4.2308,1,1,"JADA RYDER",31
"LUCKY FLYING",Music,Medium,43.87,0.072300,13,13,4.8462,2,2,"NICK WAHLBERG",28
"GLASS DYING",Action,Medium,43.86,0.072200,14,13,5.2143,2,2,"MATTHEW LEIGH",40
"SHANGHAI TYCOON",Travel,Short,43.86,0.072200,14,14,3.2857,0,0,"LUCILLE TRACY",33
"NECKLACE OUTBREAK",Drama,Long,43.85,0.072200,15,15,3.9333,1,2,"ED CHASE",36
"MAJESTIC FLOATS",Documentary,Long,43.83,0.072200,17,17,5.7059,2,3,"JOE SWANK",35
"POCUS PULP",Documentary,Long,43.74,0.072000,26,26,4.4615,1,4,"JOHNNY LOLLOBRIGIDA",36
"LORD ARIZONA",Action,Medium,42.89,0.070600,11,11,4.5000,1,1,"CHRISTIAN GABLE",41
"PRIX UNDEFEATED",Family,Medium,42.89,0.070600,11,11,3.1818,1,2,"KIRSTEN PALTROW",38
"CRANES RESERVOIR",Sports,Short,42.89,0.070600,11,11,4.8182,1,2,"VIVIEN BERGEN",49
"SADDLE ANTITRUST",Comedy,Medium,42.86,0.070600,14,13,4.7857,2,3,"BOB FAWCETT",41
"ROOTS REMEMBER",Classics,Medium,42.83,0.070500,17,17,4.5882,2,2,"JOHNNY CAGE",35
"COAST RAINBOW",Documentary,Short,42.79,0.070500,21,21,3.9048,3,4,"BETTE NICHOLSON",37
"MOURNING PURPLE",Sci-Fi,Long,42.79,0.070500,21,20,4.2857,2,4,"CHRISTIAN AKROYD",45
"BANGER PINOCCHIO",Music,Medium,42.78,0.070500,22,22,4.1364,2,5,"JOHNNY LOLLOBRIGIDA",29
"FEATHERS METAL",Games,Medium,41.89,0.069000,11,11,5.1818,1,2,"MILLA PECK",34
"SPIKING ELEMENT",Classics,Medium,41.87,0.069000,13,13,4.0000,1,2,"DARYL WAHLBERG",36
"MILE MULAN",Sports,Medium,41.87,0.069000,13,13,5.2308,2,2,"MENA TEMPLE",50
"ARMY FLINTSTONES",Documentary,Long,41.84,0.068900,16,16,4.5000,2,3,"ED CHASE",38
"GROOVE FICTION",Sports,Medium,41.82,0.068900,18,18,5.7222,1,3,"JOHNNY LOLLOBRIGIDA",51
"SUNDANCE INVASION",Children,Medium,41.81,0.068900,19,19,4.5000,1,2,"KENNETH PALTROW",32
"DISCIPLE MOTHER",Travel,Long,41.81,0.068900,19,17,3.3333,1,2,"JOHNNY CAGE",34
"CROOKED FROGMEN",Children,Long,41.77,0.068800,23,23,4.5909,1,5,"JOE SWANK",33
"FRIDA SLIPPER",Foreign,Medium,40.90,0.067400,11,11,5.0000,0,1,"UMA WOOD",41
"BLANKET BEVERLY",Family,Long,40.88,0.067300,12,12,5.7273,1,1,"FRED COSTNER",39
"CABIN FLASH",Children,Short,40.85,0.067300,15,15,4.8667,1,2,"UMA WOOD",34
"SPLENDOR PATTON",Children,Long,40.79,0.067200,21,21,4.3810,0,2,"UMA WOOD",35
"STONE FIRE",Travel,Medium,39.89,0.065700,11,11,5.0000,1,2,"MILLA KEITEL",35
"ROBBERY BRIGHT",Family,Long,39.87,0.065700,13,13,4.6154,1,2,"GOLDIE BRODY",40
"SPINAL ROCKY",Family,Long,39.87,0.065700,13,13,5.3077,0,1,"CAMERON STREEP",40
"PAJAMA JAWBREAKER",Classics,Long,39.86,0.065700,14,14,4.0714,0,2,"LUCILLE TRACY",37
"TOOTSIE PILOT",Children,Long,39.85,0.065600,15,15,3.7333,1,3,"ZERO CAGE",36
"ILLUSION AMELIE",Foreign,Long,39.85,0.065600,15,15,4.4667,2,2,"KENNETH PALTROW",42
"JOON NORTHWEST",Sports,Medium,39.83,0.065600,17,17,3.5294,1,2,"ALEC WAYNE",52
"ENCOUNTERS CURTAIN",Drama,Medium,39.81,0.065600,19,19,4.2105,1,2,"ALEC WAYNE",37
"CONGENIALITY QUEST",Sports,Medium,39.78,0.065500,22,22,4.6364,2,3,"TOM MCKELLEN",53
"OUTBREAK DIVINE",Games,Long,39.77,0.065500,23,21,4.4783,4,4,"ALEC WAYNE",35
"FEUD FROGMEN",Family,Medium,39.75,0.065500,25,25,4.2000,4,4,"TIM HACKMAN",42
"STORY SIDE",Action,Long,39.72,0.065400,28,28,3.8214,2,5,"ZERO CAGE",42
"TALENTED HOMICIDE",Sports,Long,39.71,0.065400,29,28,4.1034,4,5,"BURT DUKAKIS",54
"DRUMLINE CYCLONE",Travel,Medium,38.89,0.064100,11,11,4.4545,1,2,NULL,36
"UPTOWN YOUNG",Children,Medium,38.88,0.064000,12,12,2.8333,1,2,"ZERO CAGE",37
"MIGHTY LUCK",Documentary,Long,38.88,0.064000,12,11,5.0000,1,2,"JULIA BARRYMORE",39
"INDEPENDENCE HOTEL",Documentary,Long,38.81,0.063900,19,19,4.6842,1,2,"KARL BERRY",40
"PIANIST OUTFIELD",New,Long,38.78,0.063900,21,21,4.0000,0,3,"PENELOPE CRONYN",38
"WIND PHANTOM",Games,Medium,38.77,0.063900,23,23,4.3478,2,3,"CHARLIZE DENCH",36
"CAPER MOTIONS",Comedy,Long,38.76,0.063800,24,24,3.9167,1,4,"HELEN VOIGHT",42
"CURTAIN VIDEOTAPE",Games,Long,38.74,0.063800,27,26,5.1154,2,3,"JOE SWANK",37
"MOON BUNCH",Foreign,Medium,38.71,0.063800,29,27,4.3103,2,5,"ANNE CRONYN",43
"HEDWIG ALTER",Comedy,Long,37.88,0.062400,12,12,3.7500,2,2,"JAYNE NEESON",43
"ADAPTATION HOLES",Documentary,Short,37.88,0.062400,12,12,2.8333,1,1,"NICK WAHLBERG",41
"INTRIGUE WORST",Foreign,Long,37.80,0.062300,20,19,4.7895,1,1,"VAL BOLGER",44
"SHOOTIST SUPERFLY",Drama,Medium,37.76,0.062200,24,24,4.5000,1,3,"WOODY HOFFMAN",38
"GUN BONNIE",Games,Medium,37.75,0.062200,25,24,5.3600,3,4,"BURT DUKAKIS",38
"WESTWARD SEABISCUIT",Classics,Short,37.74,0.062200,26,25,5.3077,1,4,"PENELOPE GUINESS",38
"MULAN MOON",Comedy,Long,36.87,0.060700,13,13,4.7500,1,3,"NICK STALLONE",44
"INSECTS STONE",Animation,Long,36.81,0.060600,18,18,2.7059,0,2,"GARY PHOENIX",45
"CHEAPER CLYDE",Sci-Fi,Medium,36.80,0.060600,20,19,5.0500,3,3,"PENELOPE GUINESS",46
"VOLCANO TEXAS",Games,Long,36.78,0.060600,22,22,4.4286,3,3,"CUBA OLIVIER",39
"ACADEMY DINOSAUR",Documentary,Medium,36.77,0.060600,23,23,4.5455,2,3,"PENELOPE GUINESS",42
"PRIMARY GLASS",Action,Short,36.73,0.060500,27,26,3.7778,0,4,"JOE SWANK",43
"DONNIE ALLEY",Animation,Long,35.86,0.059100,14,14,4.2857,1,2,"VIVIEN BERGEN",46
"LOVE SUICIDES",Horror,Long,35.80,0.059000,20,19,4.7000,4,4,"JOHNNY LOLLOBRIGIDA",33
"ALAMO VIDEOTAPE",Foreign,Long,35.76,0.058900,24,23,4.5000,2,3,"JOHNNY CAGE",45
"MAGNOLIA FORRESTER",Action,Long,34.89,0.057500,11,11,5.0909,0,0,"SANDRA KILMER",44
"SONG HEDWIG",Music,Long,34.89,0.057500,11,11,4.5000,1,2,"KENNETH PESCI",30
"MOB DUFFEL",Drama,Medium,34.88,0.057500,12,12,4.9167,1,1,"CAMERON STREEP",39
"RINGS HEARTBREAKERS",Action,Short,34.85,0.057400,15,15,5.4667,2,2,"JOHNNY LOLLOBRIGIDA",45
"WATCH TRACY",Animation,Medium,34.84,0.057400,16,16,4.3750,1,2,"VAL BOLGER",47
"SUMMER SCARFACE",Classics,Short,34.84,0.057400,16,16,4.6000,1,2,"ALEC WAYNE",39
"TAXI KICK",Music,Medium,34.83,0.057400,17,17,3.8824,0,3,"BOB FAWCETT",31
"LION UNCUT",Comedy,Short,34.82,0.057400,18,18,4.8889,1,2,"UMA WOOD",45
"BLADE POLISH",Drama,Medium,34.79,0.057300,22,22,3.6190,2,3,"JENNIFER DAVIS",40
"CARRIE BUNCH",Horror,Medium,34.77,0.057300,23,23,4.1739,0,4,"VAL BOLGER",34
"EARTH VISION",New,Medium,34.77,0.057300,23,23,5.3182,0,3,"KENNETH TORN",39
"SANTA PARIS",Children,Long,33.89,0.055800,11,11,4.4545,1,2,"KENNETH PALTROW",38
"SPLASH GUMP",Family,Long,33.86,0.055800,14,14,5.2857,0,3,"PENELOPE GUINESS",43
"TRANSLATION SUMMER",Drama,Long,33.85,0.055800,15,15,4.0000,1,3,"TOM MIRANDA",41
"ROXANNE REBEL",Games,Long,33.81,0.055700,19,18,3.8947,1,4,"JOHNNY CAGE",40
"VOICE PEACH",New,Long,33.81,0.055700,19,19,4.3158,1,3,"VIVIEN BERGEN",40
"AMADEUS HOLY",Action,Medium,33.79,0.055700,21,21,4.4500,1,4,"JOHNNY LOLLOBRIGIDA",46
"CHAINSAW UPTOWN",Sci-Fi,Medium,33.79,0.055700,21,21,4.2857,2,3,"NICK WAHLBERG",47
"NATURAL STOCK",Family,Short,32.87,0.054100,13,13,4.1538,1,3,"MILLA KEITEL",44
"STAMPEDE DISTURBING",Games,Medium,32.86,0.054100,14,14,4.6429,0,3,"VAL BOLGER",41
"MOTIONS DETAILS",Horror,Long,32.85,0.054100,16,16,4.3333,1,3,"UMA WOOD",35
"BONNIE HOLOCAUST",Documentary,Medium,32.84,0.054100,16,16,3.6250,1,3,"JOHNNY LOLLOBRIGIDA",43
"REAR TRADING",Action,Medium,32.83,0.054100,17,17,5.0000,2,3,"FRED COSTNER",47
"FACTORY DRAGON",Travel,Long,32.83,0.054100,17,17,3.1765,2,3,"SISSY SOBIESKI",37
"MARS ROMAN",Games,Medium,32.81,0.054000,19,19,4.8421,2,3,"ADAM GRANT",42
"HIGHBALL POTTER",Foreign,Medium,32.79,0.054000,21,21,4.3810,2,3,"KARL BERRY",46
"ALTER VICTORY",Animation,Short,32.78,0.054000,22,22,4.3182,2,3,"REESE KILMER",48
"CHILL LUCK",Drama,Long,32.78,0.054000,22,21,4.4545,1,3,"MARY TANDY",42
"CELEBRITY HORN",Action,Medium,32.76,0.054000,24,24,4.8333,3,4,"DUSTIN TAUTOU",48
"SHEPHERD MIDSUMMER",Children,Medium,32.75,0.053900,25,25,4.2800,2,4,"SYLVESTER DERN",39
"DANCES NONE",Action,Short,31.86,0.052500,14,14,3.6667,1,2,"MATTHEW JOHANSSON",49
"THEORY MERMAID",Animation,Long,30.88,0.050900,11,11,5.1000,0,1,"CUBA OLIVIER",49
"SLIPPER FIDELITY",Sports,Long,30.84,0.050800,16,16,4.5000,1,3,"CAMERON WRAY",55
"EMPIRE MALKOVICH",Children,Long,30.79,0.050700,21,19,5.4762,2,3,"CUBA OLIVIER",40
"SIDE ARK",Action,Short,29.88,0.049200,12,12,5.7500,0,1,"HELEN VOIGHT",50
"LOUISIANA HARRY",Family,Medium,29.83,0.049100,17,17,3.7059,1,2,"HENRY BERRY",45
"CLEOPATRA DEVIL",New,Long,29.83,0.049100,18,18,5.4118,2,3,"KARL BERRY",41
"ROOM ROMAN",Animation,Short,29.80,0.049100,20,20,4.5000,1,2,"WOODY HOFFMAN",50
"ROMAN PUNK",Music,Medium,29.76,0.049000,24,23,4.8750,3,4,"JIM MOSTEL",32
"SAVANNAH TOWN",Drama,Medium,28.88,0.047600,12,12,4.5833,1,2,"GRACE MOSTEL",43
"FINDING ANACONDA",Family,Long,28.88,0.047600,12,12,4.5833,1,2,"FRANCES DAY-LEWIS",46
"CHRISTMAS MOONSHINE",Children,Long,28.79,0.047400,21,21,4.8571,1,4,"PENELOPE MONROE",41
"GREASE YOUTH",Family,Long,28.79,0.047400,21,21,3.6667,1,2,"KIRK JOVOVICH",47
"DRAGON SQUAD",Action,Long,27.89,0.045900,11,11,4.3636,0,0,"ANNE CRONYN",51
"MINORITY KISS",Music,Short,27.89,0.045900,12,11,4.6364,0,3,"VIVIEN BASINGER",33
"CANYON STOCK",Animation,Medium,27.81,0.045800,19,19,4.3889,0,3,"ZERO CAGE",51
"ENCINO ELF",Games,Long,27.81,0.045800,19,19,4.2222,0,3,"ZERO CAGE",43
"BORROWERS BEDAZZLED",Animation,Medium,27.78,0.045800,22,22,5.0000,2,3,"CUBA OLIVIER",52
"EVOLUTION ALTER",Sports,Long,26.88,0.044300,12,12,4.7500,0,1,"ELVIS MARX",56
"RESURRECTION SILVERADO",Family,Medium,26.79,0.044100,21,21,4.0000,2,4,"MENA TEMPLE",48
"NOTORIOUS REUNION",Documentary,Long,25.86,0.042600,14,13,6.2857,1,2,"KIM ALLEN",44
"MOSQUITO ARMAGEDDON",Sports,Short,25.85,0.042600,15,15,4.7857,2,2,"GOLDIE BRODY",57
"HOLOCAUST HIGHBALL",Children,Long,25.83,0.042500,17,17,4.4706,1,2,"CARMEN HUNT",42
"UNFORGIVEN ZOOLANDER",Sci-Fi,Long,25.82,0.042500,18,18,4.9444,2,3,"JENNIFER DAVIS",48
"MASKED BUBBLE",Music,Long,25.80,0.042500,20,19,3.4500,0,3,"GARY PENN",34
"DECEIVER BETRAYED",Drama,Long,25.79,0.042500,21,21,3.6190,1,2,"GRACE MOSTEL",44
"GATHERING CALENDAR",Games,Long,24.89,0.041000,11,11,3.6364,1,1,"MICHAEL BENING",44
"EVERYONE CRAFT",Foreign,Long,24.87,0.041000,13,13,3.0769,2,2,"GOLDIE BRODY",47
"DRUMS DYNAMITE",Horror,Medium,24.87,0.041000,13,13,5.4615,0,2,"VIVIEN BERGEN",36
"STREAK RIDGEMONT",Documentary,Long,24.84,0.040900,16,16,5.4000,2,3,"SANDRA KILMER",45
"POLISH BROOKLYN",Children,Medium,24.82,0.040900,18,18,4.3889,3,3,"VIVIEN BERGEN",43
"PATIENT SISTER",Classics,Medium,24.81,0.040900,19,18,3.7895,1,3,"LUCILLE TRACY",40
"DRACULA CRYSTAL",Classics,Long,24.79,0.040800,21,21,4.1905,2,3,"NICK WAHLBERG",41
"WOLVES DESIRE",Travel,Short,24.79,0.040800,21,21,3.5238,0,4,"SANDRA KILMER",38
"REEF SALUTE",Horror,Long,23.89,0.039300,11,11,5.0909,0,1,"JOE SWANK",37
"WRATH MILE",Documentary,Long,23.86,0.039300,14,14,4.0000,1,2,"SPENCER DEPP",46
"ODDS BOOGIE",Family,Short,23.85,0.039300,15,15,4.8667,2,2,"ELVIS MARX",49
"HOMEWARD CIDER",Documentary,Medium,23.84,0.039300,16,16,2.8750,0,4,"UMA WOOD",47
"HUNGER ROOF",Foreign,Medium,22.87,0.037700,13,12,5.9167,1,2,"MERYL GIBSON",48
"ARABIA DOGMA",Horror,Medium,22.87,0.037700,13,13,3.9231,1,2,"KARL BERRY",38
"VIETNAM SMOOCHY",Drama,Long,22.85,0.037600,15,14,4.3333,1,3,"JODIE DEGENERES",45
"GANDHI KWAI",Family,Medium,22.83,0.037600,17,17,4.8235,3,3,"ZERO CAGE",50
"MUSIC BOONDOCK",Family,Long,22.81,0.037600,19,19,4.3158,2,3,"MORGAN WILLIAMS",51
"MONTEREY LABYRINTH",Horror,Long,21.87,0.036000,13,13,3.4615,1,1,"KARL BERRY",39
"CITIZEN SHREK",Sci-Fi,Long,21.87,0.036000,13,13,4.7692,0,2,"KEVIN BLOOM",49
"BULL SHAWSHANK",Action,Long,21.84,0.036000,16,16,4.2000,0,2,"NICK WAHLBERG",52
"BRIDE INTRIGUE",Action,Short,21.81,0.035900,19,19,4.0526,1,1,"ANGELA HUDSON",53
"JEDI BENEATH",Family,Long,21.81,0.035900,19,19,4.1053,1,3,"JAMES PITT",52
"TENENBAUMS COMMAND",Drama,Medium,20.87,0.034400,13,13,2.6154,1,1,"SCARLETT BENING",46
"KANE EXORCIST",Foreign,Medium,20.86,0.034400,14,14,3.5000,2,3,"AUDREY OLIVIER",49
"CRAFT OUTFIELD",Drama,Medium,20.84,0.034300,16,16,3.6250,2,2,"RIP CRAWFORD",47
"LANGUAGE COWBOY",Children,Medium,19.89,0.032800,11,11,4.4545,1,1,"PENELOPE GUINESS",44
"SPIRITED CASUALTIES",Sci-Fi,Long,19.89,0.032800,11,11,4.7273,0,2,"GOLDIE BRODY",50
"SORORITY QUEEN",Foreign,Long,19.88,0.032700,12,12,3.5000,0,1,"RIP CRAWFORD",50
"LOVERBOY ATTACKS",New,Long,19.88,0.032700,12,12,5.1667,0,3,"LUCILLE TRACY",42
"TOMATOES HELLFIGHTERS",Travel,Medium,19.86,0.032700,14,14,3.9286,0,1,"JODIE DEGENERES",39
"ENDING CROWDS",New,Medium,18.89,0.031100,11,11,4.2727,1,2,"ZERO CAGE",43
"CROW GREASE",Action,Medium,18.88,0.031100,12,12,4.1667,0,1,"CAMERON STREEP",54
"PRIDE ALAMO",Animation,Medium,18.84,0.031000,16,16,2.9333,1,2,"GOLDIE BRODY",53
"SMOKING BARBARELLA",Documentary,Short,18.83,0.031000,18,18,3.8235,1,2,"KARL BERRY",48
"HOOK CHARIOTS",Animation,Short,17.87,0.029400,13,13,4.6923,0,2,"ELVIS MARX",54
"ANONYMOUS HUMAN",Sports,Long,17.87,0.029400,13,13,4.4615,0,2,"GRACE MOSTEL",58
"SIEGE MADRE",Family,Medium,17.85,0.029400,15,15,4.7333,1,3,"CUBA OLIVIER",53
"BEETHOVEN EXORCIST",Drama,Long,16.89,0.027800,11,11,4.3636,0,2,"SANDRA PECK",48
"VALENTINE VANISHING",Travel,Short,16.88,0.027800,12,12,5.3333,2,2,"BURT DUKAKIS",40
"BEDAZZLED MARRIED",Family,Medium,16.87,0.027800,13,12,3.6923,1,2,"LUCILLE TRACY",54
"SILENCE KANE",Music,Medium,16.84,0.027700,16,16,4.5625,1,2,"SANDRA PECK",35
"LAWRENCE LOVE",Action,Long,15.87,0.026100,13,13,3.9231,0,1,"CHRISTOPHER BERRY",55
"SASSY PACKER",Games,Long,15.87,0.026100,13,13,3.9231,1,1,"GROUCHO SINATRA",45
"GREEDY ROOTS",Drama,Long,15.86,0.026100,14,14,2.5714,1,2,"JENNIFER DAVIS",49
"SPIRIT FLINTSTONES",Horror,Long,15.85,0.026100,15,15,3.6000,0,3,"JULIA MCQUEEN",40
"SMOOCHY CONTROL",Sports,Long,14.88,0.024500,12,12,4.5455,0,1,"DARYL WAHLBERG",59
"HOLLYWOOD ANONYMOUS",Children,Medium,13.87,0.022800,13,13,3.7692,0,1,"ANNE CRONYN",45
"TOWERS HURRICANE",Classics,Long,12.89,0.021200,11,11,3.4545,1,2,"CATE MCQUEEN",42
