title,category_name,total_revenue,rental_count,avg_rental_days,may_2005_rentals,june_2005_rentals,top_actor_by_revenue,category_revenue_rank
"TELEGRAPH VOYAGE",Music,231.73,27,5.9630,2,5,"WOODY HOFFMAN",1
"WIFE TURN",Documentary,223.69,31,4.1613,3,5,"WOODY HOFFMAN",1
"ZORRO ARK",Comedy,214.69,31,4.0968,3,5,"IAN TANDY",1
"GOODFELLAS SALUTE",Sci-Fi,209.69,31,4.8387,2,5,"NICK WAHLBERG",1
"SATURDAY LAMBS",Sports,204.72,28,4.6786,2,3,"VIVIEN BERGEN",1
"TITANS JERK",Sci-Fi,201.71,29,5.1071,2,5,"KIRSTEN PALTROW",2
"TORQUE BOUND",Drama,198.72,27,4.4615,2,4,"UMA WOOD",1
"HARRY IDAHO",Drama,195.70,30,5.0345,2,5,"FAY KILMER",2
"INNOCENT USUAL",Foreign,191.74,26,4.5000,0,3,"DAN TORN",1
"HUSTLER PARTY",Comedy,190.78,22,5.9545,0,2,"ALEC WAYNE",2
"PELICAN COMFORTS",Documentary,188.74,26,5.3462,2,5,"BOB FAWCETT",2
"CAT CONEHEADS",Comedy,181.70,30,4.6552,2,4,"HELEN VOIGHT",3
"ENEMY ODDS",Music,180.71,29,4.4138,4,5,"VIVIEN BERGEN",2
"BUCKET BROTHERHOOD",Travel,180.66,34,4.4118,5,6,"RIP CRAWFORD",1
"RANGE MOONWALKER",Family,179.73,27,3.6296,3,4,"RIP CRAWFORD",1
"MASSACRE USUAL",Games,179.70,30,5.2000,4,5,"SPENCER DEPP",1
"VIDEOTAPE ARSENIC",Games,178.71,29,3.8621,4,5,"RALPH CRUZ",2
"DOGMA FAMILY",Animation,178.70,30,4.2000,2,6,"KIRK JOVOVICH",1
"APACHE DIVINE",Family,178.69,31,3.7097,3,4,"NICK WAHLBERG",2
"VELVET TERMINATOR",Comedy,177.74,26,4.1923,2,6,"ZERO CAGE",4
"DORADO NOTTING",Music,176.73,27,5.5556,3,4,"AUDREY OLIVIER",3
"FOOL MOCKINGBIRD",Action,175.77,23,4.9130,2,4,"RIP CRAWFORD",1
"WITCHES PANIC",Drama,173.70,30,5.1000,4,6,"RALPH CRUZ",3
"CLOSER BANG",Comedy,172.72,28,4.4643,4,4,"KIRSTEN PALTROW",5
"SCALAWAG DUCK",Music,172.68,32,3.5938,2,6,"REESE KILMER",4
"ROSES TREASURE",Sports,171.72,28,4.2500,4,4,"CUBA OLIVIER",2
"SUNRISE LEAGUE",Animation,170.76,24,4.3333,2,4,"JOHNNY LOLLOBRIGIDA",2
"SHOW LORD",Documentary,170.75,25,3.6800,2,5,"KENNETH PALTROW",3
"NIGHTMARE CHILL",Games,169.75,25,3.8800,2,4,"WALTER TORN",3
"SCORPION APOLLO",Drama,168.77,23,4.4348,2,3,"MATTHEW JOHANSSON",4
"AMERICAN CIRCUS",Action,167.78,22,4.8571,2,3,"KEVIN BLOOM",2
"CONFIDENTIAL INTERVIEW",Music,164.71,29,4.7241,3,4,"PARKER GOLDBERG",5
"MAIDEN HOME",New,163.76,24,4.2083,2,4,"WOODY HOFFMAN",1
"SEATTLE EXPECATIONS",Drama,163.75,24,5.0000,4,5,"ELVIS MARX",5
"WORKING MICROCOSMOS",Travel,163.75,25,4.6000,2,5,"VAL BOLGER",2
"BOOGIE AMELIE",Music,163.70,29,4.2500,4,4,"KEVIN BLOOM",6
"STING PERSONAL",New,159.79,21,4.8571,0,2,"GRACE MOSTEL",2
"LOLA AGENT",Horror,159.76,24,4.9167,1,5,"LUCILLE TRACY",1
"BACKLASH UNDEFEATED",Children,158.81,19,5.7895,3,4,"CHRISTIAN AKROYD",1
"MIDSUMMER GROUNDHOG",Documentary,156.78,22,3.8636,2,3,"JADA RYDER",4
"TITANIC BOONDOCK",Animation,154.77,23,4.0476,1,3,"BETTE NICHOLSON",3
"STAGECOACH ARMAGEDDON",Action,154.74,26,4.3846,2,6,"KARL BERRY",3
"MINE TITANS",New,153.81,19,5.4211,1,2,"NICK DEGENERES",3
"PITY BOUND",Drama,153.74,26,4.0385,2,3,"GOLDIE BRODY",6
"SECRETS PARADISE",Family,152.80,20,4.9000,2,2,"REESE KILMER",3
"HEAD STRANGER",Games,152.78,22,4.5909,1,2,"GARY PHOENIX",4
"EAGLES PANKY",New,152.78,22,4.9524,2,3,"FRED COSTNER",4
"WHISPERER GIANT",Sci-Fi,151.78,22,5.0455,1,3,"MILLA PECK",3
"EASY GLADIATOR",Action,150.77,23,5.5217,3,5,"FRED COSTNER",4
"MINDS TRUMAN",Action,149.80,20,4.6500,1,1,"ANNE CRONYN",5
"FELLOWSHIP AUTUMN",Travel,149.74,26,5.0769,2,6,"MENA TEMPLE",3
"WONDERLAND CHRISTMAS",Sci-Fi,148.78,22,4.3182,1,2,"CUBA OLIVIER",4
"STREETCAR INTENTIONS",Horror,148.75,25,3.8400,1,3,"VIVIEN BERGEN",2
"KISSING DOLLS",Action,147.80,20,4.2000,2,5,"TOM MCKELLEN",6
"SUIT WALLS",Games,147.79,21,4.5263,2,3,"TOM MIRANDA",5
"TRADING PINOCCHIO",Sports,147.75,25,5.0417,2,3,"BETTE NICHOLSON",3
"LIES TREATMENT",Drama,147.73,27,4.6667,3,3,"HELEN VOIGHT",7
"ATTRACTION NEWTON",New,146.76,24,3.9583,1,5,"UMA WOOD",5
"FORRESTER COMANCHEROS",Animation,146.73,27,4.8077,1,6,"KIRK JOVOVICH",4
"MOVIE SHAKESPEARE",Family,145.74,27,4.4615,3,6,"HELEN VOIGHT",4
"TRIP NEWTON",Action,145.72,28,3.5714,2,3,"WOODY JOLIE",7
"GARDEN ISLAND",Sci-Fi,144.80,20,4.5000,1,1,"MARY TANDY",5
"DURHAM PANKY",Sports,144.74,26,4.2308,1,5,"MATTHEW JOHANSSON",4
"PRINCESS GIANT",Documentary,142.74,27,4.8077,3,5,"CHRISTIAN AKROYD",5
"CALENDAR GUNFIGHT",Foreign,141.79,21,4.4762,2,2,"BETTE NICHOLSON",2
"MOONSHINE CABIN",Games,141.79,21,4.6190,1,3,"JODIE DEGENERES",6
"TOURIST PELICAN",Sports,141.78,22,4.4091,3,4,"PENELOPE MONROE",5
"STEEL SANTA",Classics,141.77,23,3.8696,1,3,"UMA WOOD",1
"DRIFTER COMMANDMENTS",Action,141.76,24,3.9565,2,4,"VIVIEN BERGEN",8
"CHANCE RESURRECTION",Sports,141.73,27,4.5556,3,4,"MILLA PECK",6
"FLAMINGOS CONNECTICUT",New,139.77,23,3.8261,1,2,"GOLDIE BRODY",6
"FIDELITY DEVIL",Horror,138.79,21,4.9524,2,2,"HELEN VOIGHT",3
"CENTER DINOSAUR",Classics,137.76,24,3.7826,3,4,"ALEC WAYNE",2
"COMA HEAD",Travel,137.74,26,4.1923,3,4,"CAMERON WRAY",4
"QUEEN LUKE",Drama,136.78,22,4.7143,1,4,"MARY TANDY",8
"NAME DETECTIVE",Games,136.77,23,4.1818,1,4,"WARREN JACKMAN",7
"CONEHEADS SMOOCHY",Drama,136.75,25,5.0000,1,3,"JOHNNY LOLLOBRIGIDA",9
"PULP BEVERLY",Horror,136.70,30,4.6552,4,5,"KIRSTEN PALTROW",4
"GLEAMING JAWBREAKER",Sports,136.70,29,5.9286,1,5,"PENELOPE GUINESS",7
"YENTL IDAHO",Horror,135.77,23,4.3043,2,3,"REESE WEST",5
"FLINTSTONES HAPPINESS",Comedy,134.83,17,5.1765,0,3,"ALBERT NOLTE",6
"WHALE BIKINI",Foreign,134.82,18,5.6667,3,4,"ED CHASE",3
"HUNCHBACK IMPOSSIBLE",Drama,134.80,20,4.6316,2,3,"GROUCHO DUNST",10
"DETAILS PACKER",Games,133.81,19,5.0556,1,4,"MICHELLE MCCONAUGHEY",8
"PINOCCHIO SIMON",Comedy,133.80,20,4.7000,1,3,"KIRSTEN PALTROW",7
"SUSPECTS QUILLS",Action,133.70,30,4.5862,3,6,"JOHNNY CAGE",9
"NETWORK PEAK",Family,133.69,31,5.0000,4,5,"KIRK JOVOVICH",5
"HEARTBREAKERS BRIGHT",Children,132.80,20,3.8000,0,2,"GINA DEGENERES",2
"BEAUTY GREASE",Drama,132.78,22,4.2273,1,3,"CAMERON ZELLWEGER",11
"KISS GLORY",Foreign,132.78,22,4.4545,1,2,"CUBA OLIVIER",4
"LIAISONS SWEET",Travel,131.78,22,4.1818,1,4,"NICK WAHLBERG",5
"ALADDIN CALENDAR",Sports,131.77,23,4.3913,0,4,"ALEC WAYNE",8
"SLEEPING SUSPECTS",Horror,131.76,24,4.4348,2,3,"KIRSTEN PALTROW",6
"METROPOLIS COMA",Sci-Fi,131.74,26,4.7692,2,3,"VAL BOLGER",6
"BINGO TALENTED",Sci-Fi,131.71,29,5.2759,3,4,"GOLDIE BRODY",7
"ROAD ROXANNE",Documentary,130.81,19,4.6842,1,2,"HELEN VOIGHT",6
"MILLION ACE",Classics,130.80,20,4.3500,3,3,"CHRISTIAN AKROYD",3
"RIDGEMONT SUBMARINE",New,130.68,32,5.5806,4,5,"JOHNNY LOLLOBRIGIDA",7
"SATISFACTION CONFIDENTIAL",Sports,129.83,17,4.8235,1,2,"CAMERON WRAY",9
"HEAVYWEIGHTS BEAST",Documentary,129.77,23,4.3043,1,2,"BEN WILLIS",7
"DAWN POND",Games,128.82,18,5.1111,1,1,"RIP WINSLET",9
"INTERVIEW LIAISONS",New,128.80,20,4.2500,2,4,"MENA TEMPLE",8
"CAUSE DATE",Documentary,128.79,21,5.2381,2,3,"PENELOPE PINKETT",8
"CANDLES GRAPES",Games,128.77,23,4.2609,3,3,"SANDRA KILMER",10
"FORWARD TEMPLE",Games,128.68,32,5.1250,4,6,"RIP WINSLET",11
"TEEN APOLLO",Travel,127.83,17,4.3529,3,3,"MILLA PECK",6
"SOMETHING DUCK",Drama,127.81,19,4.5789,1,3,"ED MANSFIELD",12
"SNATCH SLIPPER",Comedy,127.78,22,5.1364,2,2,"SCARLETT BENING",8
"FALCON VOLUME",Animation,127.77,22,4.2857,2,4,"MARY TANDY",5
"TRAP GUYS",Foreign,126.84,16,4.9375,1,3,"VIVIEN BERGEN",5
"MISSION ZOOLANDER",Animation,126.82,18,4.2222,2,3,"FRED COSTNER",6
"SABRINA MIDNIGHT",Children,126.79,21,4.0000,0,2,"KEVIN BLOOM",3
"AGENT TRUMAN",Foreign,126.79,21,5.1905,2,3,"KIRSTEN PALTROW",6
"FREDDY STORM",Horror,126.77,23,4.8696,2,3,"JULIA MCQUEEN",7
"STRANGERS GRAFFITI",Horror,123.83,17,5.4118,2,3,"ZERO CAGE",8
"DOORS PRESIDENT",Animation,123.81,19,4.0000,1,2,"KARL BERRY",7
"MALTESE HOPE",Games,123.78,22,4.0000,1,2,"ANGELA HUDSON",12
"BUTTERFLY CHOCOLAT",New,123.70,30,5.3667,3,5,"NICK STALLONE",9
"TIMBERLAND SKY",Classics,123.69,31,5.2903,4,7,"GARY PHOENIX",4
"WATERFRONT DELIVERANCE",Action,121.83,17,5.0588,1,3,"JOE SWANK",10
"SLEEPLESS MONSOON",Animation,121.80,20,4.4211,2,3,"GRACE MOSTEL",8
"TRUMAN CRAZY",Action,121.77,23,4.0870,3,4,"BURT DUKAKIS",11
"SCARFACE BANG",Children,120.82,18,3.8824,1,2,"PARKER GOLDBERG",4
"HIGH ENCINO",Horror,120.78,22,4.7273,1,4,"VIVIEN BERGEN",9
"RAGE GAMES",Family,119.81,19,3.8421,0,2,"SCARLETT DAMON",6
"GHOST GROUNDHOG",Children,119.79,21,4.9500,1,5,"DAN HARRIS",5
"ANGELS LIFE",New,119.78,22,4.7727,2,3,"PENELOPE GUINESS",10
"WASH HEAVENLY",Foreign,119.77,23,4.1739,3,5,"MENA TEMPLE",7
"LADY STAGE",Horror,118.83,17,4.6875,1,1,"PENELOPE GUINESS",10
"DESERT POSEIDON",Horror,118.81,19,4.1579,0,2,"GOLDIE BRODY",11
"PHILADELPHIA WIFE",Sports,118.78,23,5.0000,2,4,"MARY TANDY",10
"VIRTUAL SPOILERS",Family,117.86,14,5.7857,0,3,"DUSTIN TAUTOU",7
"THIEF PELICAN",Animation,117.81,19,4.6316,2,2,"KIRSTEN PALTROW",9
"SECRET GROUNDHOG",Documentary,116.79,21,4.2381,2,4,"FAY KILMER",9
"BROOKLYN DESERT",Foreign,116.79,21,4.9048,2,3,"JODIE DEGENERES",8
"KNOCK WARLOCK",Comedy,116.76,24,5.0833,3,3,"CUBA OLIVIER",9
"HANKY OCTOBER",Sci-Fi,116.74,26,5.2308,3,4,"RICHARD PENN",8
"ROCKETEER MOTHER",Foreign,116.67,33,4.9394,4,6,"JUDY DEAN",9
"GALAXY SWEETHEARTS",Classics,115.82,18,3.8889,2,2,"UMA WOOD",5
"PREJUDICE OLEANDER",Classics,115.80,20,5.1000,1,3,"CHRISTIAN GABLE",6
"SPICE SORORITY",Drama,115.80,20,3.6500,1,3,"ED CHASE",13
"DRIVING POLISH",Music,115.79,21,4.3810,2,3,"MATTHEW JOHANSSON",7
"BEVERLY OUTLAW",Sci-Fi,115.79,21,4.7619,0,1,"SANDRA PECK",9
"CONVERSATION DOWNHILL",Family,114.83,17,5.1250,0,1,"DUSTIN TAUTOU",8
"UNDEFEATED DALMATIONS",Horror,114.79,21,4.0952,1,3,"TOM MIRANDA",12
"ARACHNOPHOBIA ROLLERCOASTER",Horror,114.76,24,5.0000,0,4,"GRACE MOSTEL",13
"IDOLS SNATCHERS",Children,114.70,30,4.2000,5,5,"TOM MCKELLEN",6
"HANGING DEEP",Drama,113.81,19,4.1053,3,4,"MATTHEW JOHANSSON",14
"REDEMPTION COMFORTS",New,113.80,20,4.6000,0,1,"AUDREY OLIVIER",11
"OPEN AFRICAN",Sci-Fi,113.79,21,4.2857,2,4,"GRACE MOSTEL",10
"STRICTLY SCARFACE",Comedy,113.77,23,4.1739,0,4,"GREG CHAPLIN",10
"SECRETARY ROUGE",Sports,112.82,18,5.0000,0,2,"JULIA BARRYMORE",11
"HORN WORKING",Animation,112.76,24,4.0833,1,5,"ZERO CAGE",10
"CLUELESS BUCKET",Action,112.75,25,4.3600,2,4,"UMA WOOD",12
"GANGS PRIDE",Animation,112.73,27,4.0741,3,4,"ELVIS MARX",11
"BIRDS PERDITION",New,111.82,18,4.1111,1,1,"SANDRA PECK",12
"SWEDEN SHINING",Comedy,111.81,18,6.1176,2,3,"KARL BERRY",11
"MONEY HAROLD",New,111.80,20,4.6500,0,1,"ALEC WAYNE",13
"FARGO GANDHI",Children,111.76,24,3.6667,3,4,"MICHELLE MCCONAUGHEY",7
"PANKY SUBMARINE",Games,110.85,15,5.7333,2,2,"RIP WINSLET",13
"DUDE BLINDNESS",Sports,110.84,16,3.8125,2,3,"SANDRA PECK",12
"EXPECATIONS NATURAL",Travel,110.82,18,4.8333,1,3,"ELVIS MARX",7
"REQUIEM TYCOON",Classics,110.81,19,4.4211,1,2,"ANNE CRONYN",7
"CHASING FIGHT",Family,110.81,20,5.1579,1,2,"TOM MIRANDA",9
"REIGN GENTLEMEN",Sci-Fi,110.80,20,5.0000,1,2,"ALEC WAYNE",11
"TOMORROW HUSTLER",Classics,110.75,25,3.6800,1,5,"MATTHEW JOHANSSON",8
"GRIT CLOCKWORK",Games,110.68,32,4.8125,4,6,"CAMERON ZELLWEGER",14
"DAY UNFAITHFUL",New,109.86,14,5.6154,1,1,"KARL BERRY",14
"BREAKFAST GOLDFINGER",New,109.83,17,4.7647,1,2,"ANGELINA ASTAIRE",15
"SHAWSHANK BUBBLE",Travel,109.81,19,5.0000,0,3,"BOB FAWCETT",8
"JET NEIGHBORS",Foreign,109.80,20,5.6500,1,3,"FAY KILMER",10
"GREATEST NORTH",Music,109.71,29,4.3103,1,4,"HELEN VOIGHT",8
"SAMURAI LION",New,108.75,25,4.8000,1,4,"ANGELINA ASTAIRE",16
"FISH OPUS",Sci-Fi,108.75,25,4.3200,2,3,"PARKER GOLDBERG",12
"ROCKY WAR",Drama,107.84,16,4.4375,2,2,"SISSY SOBIESKI",15
"COMMAND DARLING",Foreign,107.84,16,5.8125,0,1,"GRACE MOSTEL",11
"JERK PAYCHECK",Classics,107.80,20,4.7000,1,1,"DAN TORN",9
"SOUTH WAIT",Action,107.78,22,4.7143,1,2,"MICHELLE MCCONAUGHEY",13
"BEAR GRACELAND",Children,107.78,22,5.0000,3,4,"SCARLETT DAMON",8
"FATAL HAUNTED",New,107.72,28,4.8214,4,5,"MILLA PECK",17
"CUPBOARD SINNERS",Documentary,106.77,23,4.6522,0,2,"HELEN VOIGHT",10
"SALUTE APOLLO",New,106.77,23,4.1739,3,4,"VIVIEN BERGEN",18
"GIANT TROOPERS",Children,106.72,28,3.7143,2,4,"MATTHEW LEIGH",9
"SUGAR WONKA",Animation,105.83,17,3.2941,1,1,"MATTHEW JOHANSSON",12
"LEAGUE HELLFIGHTERS",Classics,105.83,17,4.7059,0,2,"JESSICA BAILEY",10
"GORGEOUS BINGO",Children,105.81,19,6.0556,2,3,"VIVIEN BERGEN",10
"PEAK FOREVER",Sports,105.80,20,4.0000,2,3,"AUDREY OLIVIER",13
"EGG IGBY",Documentary,105.79,21,5.3333,1,1,"LUCILLE TRACY",11
"ROBBERS JOON",Children,105.69,31,4.3548,5,5,"MILLA PECK",11
"WEST LION",Drama,104.84,16,4.6250,2,3,"ZERO CAGE",16
"STEPMOM DREAM",Foreign,104.80,20,4.7500,1,1,"WALTER TORN",12
"ARIZONA BANG",Classics,104.79,21,3.9048,0,3,"KARL BERRY",11
"HYDE DOCTOR",Classics,104.73,26,3.7200,3,5,"CUBA OLIVIER",12
"TYCOON GATHERING",Games,103.88,12,5.9167,0,1,"VIVIEN BERGEN",15
"CORE SUIT",Classics,103.82,18,4.8333,1,2,"PENELOPE PINKETT",13
"DRAGONFLY STRANGERS",New,103.82,18,4.4706,2,3,"CHRISTIAN GABLE",19
"METAL ARMAGEDDON",Documentary,103.75,25,5.6400,3,5,"JOHNNY LOLLOBRIGIDA",12
"INVASION CYCLONE",Children,103.73,27,4.0000,1,3,"WOODY JOLIE",12
"ENGLISH BULWORTH",Sci-Fi,103.70,30,4.6000,4,6,"MENA TEMPLE",13
"BILKO ANONYMOUS",Family,102.87,13,4.7692,1,2,"GOLDIE BRODY",10
"FRENCH HOLIDAY",Documentary,102.83,17,4.5882,1,3,"ED CHASE",13
"CONFUSED CANDLES",Family,102.83,17,5.4118,0,3,"CHRISTIAN AKROYD",11
"GROUNDHOG UNCUT",Comedy,102.82,18,4.9412,2,3,"UMA WOOD",12
"AIRPORT POLLOCK",Horror,102.82,18,4.8333,3,3,"FAY KILMER",14
"PATTON INTERVIEW",Horror,102.77,23,4.3043,1,3,"JOHNNY LOLLOBRIGIDA",15
"PAYCHECK WAIT",Drama,101.84,16,4.1250,0,2,"GARY PENN",17
"RULES HUMAN",Horror,101.84,16,6.0625,2,3,"PENELOPE GUINESS",16
"ATTACKS HATE",Sci-Fi,101.84,16,5.2500,0,2,"DAN TORN",14
"BROTHERHOOD BLANKET",Documentary,101.74,26,5.1538,3,5,"FRED COSTNER",14
"CAMELOT VACATION",Sci-Fi,101.73,27,5.0000,2,5,"JUDE CRUISE",15
"BEHAVIOR RUNAWAY",Horror,100.87,13,4.9231,1,2,"TIM HACKMAN",17
"QUILLS BULL",Documentary,100.84,16,3.8750,2,3,"FAY WINSLET",15
"POSEIDON FOREVER",Sports,100.83,17,4.7647,0,2,"JENNIFER DAVIS",14
"JASON TRAP",Family,100.76,24,4.6522,1,3,"GOLDIE BRODY",12
"ICE CROSSING",Games,100.76,24,4.5000,2,3,"MENA TEMPLE",16
"CONQUERER NUTS",Drama,99.84,16,3.6875,2,3,"MATTHEW JOHANSSON",18
"MERMAID INSECTS",Sports,99.84,16,4.6250,1,2,"FRANCES DAY-LEWIS",15
"IGBY MAKER",Travel,99.81,19,4.9444,2,3,"BETTE NICHOLSON",9
"SHOCK CABIN",Foreign,99.70,30,4.9643,0,6,"LAURA BRODY",13
"HALL CASSIDY",Children,98.84,16,4.5625,0,1,"JOHNNY LOLLOBRIGIDA",13
"PICKUP DRIVING",Sports,98.84,16,5.3750,1,3,"JODIE DEGENERES",16
"BIKINI BORROWERS",Animation,98.83,17,5.4118,1,4,"BETTE NICHOLSON",13
"JERICHO MULAN",Games,98.83,17,5.1765,1,2,"ELVIS MARX",17
"HANOVER GALAXY",Music,98.83,17,3.8824,2,4,"JENNIFER DAVIS",9
"BALLOON HOMEWARD",Music,98.77,23,5.0000,1,5,"PARKER GOLDBERG",10
"SWEETHEARTS SUSPECTS",Children,98.71,29,4.7857,2,4,"JOE SWANK",14
"MARRIED GO",Sci-Fi,98.70,30,4.2333,2,5,"GOLDIE BRODY",16
"WIZARD COLDBLOODED",Music,97.84,16,3.4375,1,2,"PENELOPE GUINESS",11
"HELLFIGHTERS SIERRA",Foreign,97.80,20,3.6500,1,2,"GRACE MOSTEL",14
"SEA VIRGIN",Drama,97.78,22,4.3182,2,3,"GOLDIE BRODY",19
"EXPENDABLE STALLION",Documentary,97.72,28,4.5714,2,4,"FRANCES DAY-LEWIS",16
"DESTINY SATURDAY",New,96.84,16,3.5000,1,2,"NICK WAHLBERG",20
"CANDIDATE PERDITION",Classics,96.81,18,5.6471,1,1,"SANDRA KILMER",14
"VACATION BOONDOCK",Sci-Fi,96.79,21,4.1905,2,3,"CHRISTIAN GABLE",17
"BARBARELLA STREETCAR",Sci-Fi,96.75,25,5.4800,3,5,"MARY TANDY",18
"DEER VIRGINIAN",Music,96.72,29,4.9643,2,4,"GINA DEGENERES",12
"JUGGLER HARDLY",Animation,96.68,32,5.0645,3,6,"MILLA PECK",14
"DAISY MENAGERIE",Sci-Fi,95.84,16,3.8750,1,3,"JOHNNY LOLLOBRIGIDA",19
"INCH JET",Animation,95.82,18,4.1111,0,2,"UMA WOOD",15
"OZ LIAISONS",Animation,95.76,24,3.5417,2,4,"SANDRA KILMER",16
"SEABISCUIT PUNK",Sports,95.74,26,4.8800,2,3,"ADAM GRANT",17
"MUSCLE BRIGHT",Travel,95.70,30,3.8333,2,5,"SEAN WILLIAMS",10
"GOLD RIVER",Comedy,94.86,14,4.7857,0,3,"GROUCHO DUNST",13
"SPY MILE",Games,94.73,27,4.5556,0,5,"WOODY HOFFMAN",18
"MODEL FISH",Children,93.85,15,3.8000,2,2,"UMA WOOD",15
"DYING MAKER",Comedy,93.83,17,3.6471,2,3,"GROUCHO SINATRA",14
"VIRGIN DAISY",Drama,93.83,17,4.5294,1,2,"DAN TORN",20
"DARN FORRESTER",Action,93.82,18,5.2778,1,3,"BOB FAWCETT",14
"COLOR PHILADELPHIA",Classics,93.76,24,5.1667,2,4,"PENELOPE GUINESS",15
"WARDROBE PHANTOM",Drama,93.73,27,4.3333,4,5,"NICK WAHLBERG",21
"BRIGHT ENCOUNTERS",Drama,92.87,13,4.7692,1,3,"CAMERON ZELLWEGER",22
"FLASH WARS",New,92.87,13,4.4615,0,2,"NICK WAHLBERG",21
"EDGE KISSING",Drama,92.85,15,4.4000,2,2,"JAYNE NEESON",23
"PURE RUNNER",Comedy,92.84,16,5.4667,1,1,"CAMERON STREEP",15
"MUSKETEERS WAIT",Classics,92.83,17,4.1176,1,2,"BEN HARRIS",16
"SLEEPY JAPANESE",New,92.80,21,4.7000,2,4,"GRACE MOSTEL",22
"SILVERADO GOLDFINGER",Sci-Fi,91.88,12,6.1818,0,1,"JENNIFER DAVIS",20
"BETRAYED REAR",Children,91.85,15,4.4667,2,2,"CHRISTIAN AKROYD",16
"SAGEBRUSH CLUELESS",Documentary,91.84,16,5.8750,1,2,"LUCILLE TRACY",17
"SLACKER LIAISONS",Drama,91.83,17,4.1765,1,1,NULL,24
"AFFAIR PREJUDICE",Horror,91.77,23,4.3636,2,2,"JODIE DEGENERES",18
"TELEMARK HEARTBREAKERS",Animation,91.75,25,4.2400,1,3,"KARL BERRY",17
"HALF OUTFIELD",Family,91.75,26,4.2500,3,4,"ANNE CRONYN",13
"BLACKOUT PRIVATE",Animation,91.73,27,3.8519,3,4,"SANDRA KILMER",18
"CONNECTICUT TRAMP",Sci-Fi,90.87,13,5.0769,1,3,"KARL BERRY",21
"CAMPUS REMEMBER",Action,90.81,19,5.7368,1,2,"MATTHEW JOHANSSON",15
"BASIC EASY",Travel,90.79,21,4.1000,1,2,"JESSICA BAILEY",11
"ALIEN CENTER",Foreign,90.78,22,4.4091,2,3,"BURT DUKAKIS",15
"FLATLINERS KILLER",Sports,90.78,22,4.7273,2,4,"NICK STALLONE",18
"ELEPHANT TROJAN",Horror,89.86,14,4.2143,3,3,"PENELOPE GUINESS",19
"CHICAGO NORTH",Games,89.84,16,5.0000,1,2,"MAE HOFFMAN",19
"COLDBLOODED DARLING",Sci-Fi,89.84,16,5.2500,0,2,"BETTE NICHOLSON",22
"DISTURBING SCARFACE",Sci-Fi,89.74,26,3.9615,3,4,"ANGELINA ASTAIRE",23
"PITTSBURGH HUNCHBACK",Family,88.88,12,5.7500,1,2,"RIP CRAWFORD",14
"MEMENTO ZOOLANDER",Comedy,88.87,13,4.9231,0,1,"TOM MIRANDA",16
"MOONWALKER FOOL",Games,88.87,13,5.5000,1,2,"ZERO CAGE",20
"SUBMARINE BED",Comedy,88.85,15,3.6000,1,3,"JENNIFER DAVIS",17
"PANTHER REDS",Sci-Fi,88.85,15,4.6667,0,1,"BEN WILLIS",24
"LOSER HUSTLER",Sports,88.85,15,4.6667,1,3,"MATTHEW JOHANSSON",19
"PLUTO OLEANDER",New,88.84,16,3.7500,2,3,"KIRSTEN PALTROW",23
"RUSH GOODFELLAS",Family,88.69,31,4.0323,2,5,"KIRK JOVOVICH",15
"CINCINATTI WHISPERER",Sci-Fi,87.87,13,6.0000,1,2,"ANNE CRONYN",25
"HYSTERICAL GRAIL",Sports,87.85,15,3.8667,0,3,"BURT POSEY",20
"FORREST SONS",Action,87.82,18,5.0556,1,2,"ED CHASE",16
"VANISHING ROCKY",Music,87.82,18,4.2353,1,2,"MATTHEW JOHANSSON",13
"NORTHWEST POLISH",Sports,87.80,20,5.4500,2,3,"MICHELLE MCCONAUGHEY",21
"ATLANTIS CAUSE",Family,87.76,24,4.2083,2,3,"WOODY HOFFMAN",16
"OPERATION OPERATION",Comedy,87.73,27,3.9231,2,3,"CHRISTIAN AKROYD",18
"HORROR REIGN",Travel,87.73,27,4.2963,2,3,"JOE SWANK",12
"SUPER WYOMING",Family,86.87,13,5.5385,1,2,"TOM MIRANDA",17
"LAWLESS VISION",Animation,86.84,17,3.6875,2,3,"JOE SWANK",19
"JEEPERS WEDDING",Classics,86.84,16,4.8750,1,3,"ED CHASE",17
"WANDA CHAMBER",Games,86.84,16,4.7333,1,3,"BURT DUKAKIS",21
"JEKYLL FROGMEN",New,86.83,17,4.5882,1,1,"NICK WAHLBERG",24
"STAR OPERATION",Sports,86.79,21,5.2000,1,1,"JOHNNY LOLLOBRIGIDA",22
"STRANGELOVE DESIRE",Children,86.76,24,5.5833,2,3,"JUDE CRUISE",17
"CHAMPION FLATLINERS",Animation,85.87,13,4.3846,1,3,"FRANCES DAY-LEWIS",20
"ANTHEM LUKE",Comedy,85.85,15,4.4000,3,3,"MILLA KEITEL",19
"STEERS ARMAGEDDON",Sports,85.85,15,4.4667,0,3,"DAN HARRIS",23
"HURRICANE AFFAIR",Comedy,85.76,24,4.7500,1,3,"KIRSTEN AKROYD",20
"CLASH FREDDY",Animation,85.75,25,4.5200,1,4,"UMA WOOD",21
"TRACY CIDER",Animation,85.74,26,4.6154,1,5,"GRACE MOSTEL",22
"ISLAND EXORCIST",Classics,85.74,26,4.4231,3,4,"RAY JOHANSSON",18
"CONTACT ANONYMOUS",Travel,85.74,26,4.5385,2,4,"MENA TEMPLE",13
"AUTUMN CROW",Games,84.89,11,4.5455,1,2,"DUSTIN TAUTOU",22
"RAGING AIRPLANE",Sci-Fi,84.87,13,4.2308,1,1,"BOB FAWCETT",26
"PEACH INNOCENT",Sports,84.85,14,5.2308,1,2,"TIM HACKMAN",24
"COMFORTS RUSH",Travel,84.83,17,4.1765,2,3,"RUSSELL TEMPLE",14
"BLUES INSTINCT",Family,84.79,21,4.0476,2,4,"CAMERON STREEP",18
"MURDER ANTITRUST",Children,84.77,23,4.6957,2,4,"KIRK JOVOVICH",18
"DOWNHILL ENOUGH",Comedy,84.75,25,4.7200,3,3,"WOODY JOLIE",21
"MALKOVICH PET",Classics,84.74,26,3.6923,3,3,"GRACE MOSTEL",19
"NONE SPIKING",Sci-Fi,84.73,27,4.6154,1,6,"WOODY HOFFMAN",27
"CALIFORNIA BIRDS",Sports,83.88,12,4.8333,1,1,"SCARLETT BENING",25
"DEVIL DESIRE",Action,83.85,15,4.4286,1,3,"MARY TANDY",17
"CAROL TEXAS",Animation,83.82,18,4.7778,0,2,"FRED COSTNER",23
"EYES DRIVING",Sci-Fi,83.81,19,4.4211,2,3,"DAN HARRIS",28
"FLYING HOOK",Animation,83.80,20,5.4211,1,3,"CUBA OLIVIER",24
"WAIT CIDER",Animation,83.79,21,5.2857,3,3,"WOODY HOFFMAN",25
"OSCAR GOLD",Animation,83.75,25,4.6800,0,4,"BOB FAWCETT",26
"DARKO DORADO",Action,82.89,11,4.8182,1,1,"DUSTIN TAUTOU",18
"CREEPERS KANE",Classics,82.86,14,3.7857,1,2,"CHRISTOPHER BERRY",20
"AIRPLANE SIERRA",Comedy,82.85,15,3.9333,0,2,"JIM MOSTEL",22
"HOLIDAY GAMES",Foreign,82.85,15,4.6667,0,3,"DAN HARRIS",16
"WORDS HUNTER",Music,82.84,16,4.5000,2,2,"GENE WILLIS",14
"CASABLANCA SUPER",Travel,82.84,16,3.6875,0,2,"KIRSTEN AKROYD",15
"NATIONAL STORY",Documentary,82.81,19,4.0526,1,2,"JENNIFER DAVIS",18
"UNBREAKABLE KARATE",New,82.79,21,5.1429,2,4,"KIRSTEN PALTROW",25
"SHAKESPEARE SADDLE",Sports,82.78,22,5.0455,1,3,"CHRISTIAN GABLE",26
"SWEET BROTHERHOOD",Travel,81.85,15,4.5333,3,3,"MILLA KEITEL",16
"TROJAN TOMORROW",Sci-Fi,81.80,19,3.1667,2,2,"ELVIS MARX",29
"DREAM PICKUP",Action,81.78,22,4.6818,2,4,"MILLA PECK",19
"GENTLEMEN STAGE",Foreign,81.77,23,4.7391,2,3,"TOM MCKELLEN",17
"WEDDING APOLLO",Documentary,81.76,24,4.7826,3,4,"ED CHASE",19
"GOLDFINGER SENSIBILITY",Drama,81.76,24,4.5417,2,3,"CHRISTIAN GABLE",25
"LOSE INCH",Foreign,81.73,27,4.0000,1,3,"LUCILLE TRACY",18
"GRAFFITI LOVE",Sci-Fi,81.70,30,3.5667,4,5,"JOHNNY CAGE",30
"HOBBIT ALIEN",Drama,81.69,31,5.1613,3,6,"VIVIEN BERGEN",26
"TIES HUNGER",Children,80.89,11,4.6364,1,2,"JOE SWANK",19
"DEEP CRUSADE",Documentary,80.86,14,5.2308,1,2,"TIM HACKMAN",20
"HUMAN GRAFFITI",Games,80.85,15,4.5333,0,1,"PENELOPE GUINESS",23
"CHARADE DUFFEL",Sci-Fi,80.85,15,4.6000,2,2,"GREG CHAPLIN",31
"ORIENT CLOSER",Drama,80.83,17,3.8235,0,2,"LUCILLE TRACY",27
"IDAHO LOVE",New,80.83,17,3.5294,1,2,"TOM MCKELLEN",26
"ESCAPE METROPOLIS",Travel,80.75,25,4.1200,1,6,"JOHNNY LOLLOBRIGIDA",17
"VAMPIRE WHALE",New,79.88,12,4.4167,1,2,"JOHNNY CAGE",27
"HOME PITY",Music,79.86,14,5.7857,2,3,"KIRSTEN PALTROW",15
"SONS INTERVIEW",Animation,79.84,15,4.6923,0,1,"SANDRA KILMER",27
"BAKED CLEOPATRA",Family,79.84,16,4.0667,1,1,"MICHELLE MCCONAUGHEY",19
"FERRIS MOTHER",Comedy,79.83,17,3.5294,1,4,"SISSY SOBIESKI",23
"PARADISE SABRINA",Comedy,79.82,18,4.7222,0,0,"JODIE DEGENERES",24
"TROUBLE DATE",Travel,79.78,23,4.5000,1,5,"CHRISTIAN GABLE",18
"OTHERS SOUP",Travel,79.77,23,4.4783,3,4,"FRANCES DAY-LEWIS",19
"JUMPING WRATH",Children,79.76,24,5.5000,3,4,"ELVIS MARX",20
"WEREWOLF LOLA",Action,78.86,14,4.3571,2,3,"CUBA OLIVIER",20
"INTENTIONS EMPIRE",Animation,78.83,17,4.0000,0,0,"ANGELINA ASTAIRE",28
"BERETS AGENT",Action,78.78,21,3.9000,1,2,"GRACE MOSTEL",21
"LONELY ELEPHANT",Comedy,77.85,15,4.3333,2,2,"RIP CRAWFORD",25
"BOILED DARES",Travel,77.85,15,4.2667,2,2,"DAN TORN",20
"JACKET FRISCO",Drama,77.82,18,4.5556,1,2,"BOB FAWCETT",28
"QUEST MUSSOLINI",Action,77.80,20,3.7500,0,3,"JUDY DEAN",22
"HARPER DYING",Animation,77.80,20,5.1000,0,3,"KENNETH TORN",29
"CROSSROADS CASUALTIES",Animation,77.79,21,3.9048,0,2,"BETTE NICHOLSON",30
"MALLRATS UNITED",Comedy,77.75,25,5.1200,3,4,"NICK WAHLBERG",26
"BEAST HUNCHBACK",Classics,76.89,11,4.0000,1,2,"BETTE NICHOLSON",21
"TUXEDO MILE",Sports,76.87,13,5.5000,0,1,"DAN TORN",27
"GRINCH MASSAGE",Games,76.86,14,4.7857,0,1,"UMA WOOD",24
"BLINDNESS GUN",Sci-Fi,76.86,14,4.6429,1,2,"BURT DUKAKIS",32
"IMAGE PRINCESS",Sports,76.86,14,4.4286,0,0,"ED CHASE",28
"MADISON TRAP",Documentary,76.85,15,5.5333,2,2,"RIP CRAWFORD",21
"BADMAN DAWN",Sci-Fi,76.79,21,4.1429,0,4,"BEN WILLIS",33
"FROST HEAD",Classics,76.70,30,5.2069,1,5,"ED CHASE",22
"STRANGER STRANGERS",Children,75.89,11,4.0000,1,1,"HELEN VOIGHT",21
"LIBERTY MAGNIFICENT",Sports,75.88,12,5.5000,1,1,"BETTE NICHOLSON",29
"DADDY PITTSBURGH",Comedy,75.87,13,4.7692,2,2,"JOHNNY LOLLOBRIGIDA",27
"SEARCHERS WAIT",Comedy,75.86,14,4.5714,0,3,"SUSAN DAVIS",28
"CONFESSIONS MAGUIRE",Drama,75.86,14,4.2857,1,1,"GRACE MOSTEL",29
"HOLES BRANNIGAN",Sports,75.86,15,4.9286,0,2,"KARL BERRY",30
"HOPE TOOTSIE",Classics,75.82,18,3.7778,1,3,"GREG CHAPLIN",23
"BIRCH ANTITRUST",Music,74.89,11,4.9091,0,0,"JOE SWANK",16
"BRANNIGAN SUNRISE",New,74.88,12,3.9167,2,2,"RIP CRAWFORD",28
"IMPOSSIBLE PREJUDICE",Foreign,74.86,14,4.5000,0,2,"FRED COSTNER",19
"LUST LOCK",Action,74.82,15,3.0769,0,1,"ANNE CRONYN",23
"WEEKEND PERSONAL",Sci-Fi,74.82,18,4.3889,1,3,"ED CHASE",34
"HOMICIDE PEACH",Family,74.78,22,3.6364,1,4,"BOB FAWCETT",20
"HOUSE DYNAMITE",Family,74.77,23,4.3043,2,4,"NATALIE HOPKINS",21
"DOUBLE WRATH",Animation,74.75,25,4.9600,2,4,"KEVIN BLOOM",31
"THIN SAGEBRUSH",Documentary,73.89,11,5.0909,0,1,"ZERO CAGE",22
"CHISUM BEHAVIOR",Family,73.87,13,4.0769,2,2,"NICK WAHLBERG",22
"OUTLAW HANKY",Travel,73.86,14,4.4615,0,0,"ELVIS MARX",21
"WORST BANGER",Action,73.84,16,4.6250,1,2,"PARKER GOLDBERG",24
"ZOOLANDER FICTION",Children,73.83,17,5.1765,1,2,"CARMEN HUNT",22
"REMEMBER DIARY",Family,73.82,18,4.5000,1,2,"JODIE DEGENERES",23
"FANTASIA PARK",Games,73.81,19,4.4211,0,3,"WARREN NOLTE",25
"INSIDER ARIZONA",Music,73.80,20,3.4444,2,4,"DAN TORN",17
"DOOM DANCING",Comedy,73.79,21,5.8095,3,4,"CAMERON STREEP",29
"SINNERS ATLANTIS",Horror,73.78,22,5.0000,2,3,"HELEN VOIGHT",20
"MADNESS ATTACKS",Foreign,73.75,25,4.9200,2,5,"FRANCES DAY-LEWIS",20
"PAST SUICIDES",Foreign,72.87,13,3.8462,1,1,"GENE WILLIS",21
"WYOMING STORM",New,72.87,13,4.0000,2,2,"BETTE NICHOLSON",29
"GAMES BOWFINGER",Travel,72.86,14,3.5000,2,2,"JULIA MCQUEEN",22
"POTTER CONNECTICUT",Animation,72.83,17,4.5294,2,2,"WARREN NOLTE",32
"EGYPT TENENBAUMS",Horror,72.83,17,5.7059,1,2,"CUBA OLIVIER",21
"INSTINCT AIRPORT",Sports,72.82,18,3.6111,1,3,"JENNIFER DAVIS",31
"NEIGHBORS CHARADE",Sports,72.81,19,5.0000,1,2,"WOODY HOFFMAN",32
"LEBOWSKI SOLDIERS",Drama,72.79,21,3.8095,2,4,"JOE SWANK",30
"SNOWMAN ROLLERCOASTER",Animation,72.77,23,4.3913,2,3,"UMA WOOD",33
"HILLS NEIGHBORS",Action,72.75,25,5.8800,4,4,"VIVIEN BERGEN",25
"ALABAMA DEVIL",Horror,71.88,12,5.2500,0,0,"CHRISTIAN GABLE",22
"BRINGING HYSTERICAL",Comedy,71.80,20,5.2500,0,2,"FRANCES DAY-LEWIS",30
"CHARIOTS CONSPIRACY",Sci-Fi,71.79,21,3.6190,2,4,"GINA DEGENERES",35
"SWARM GOLD",Horror,71.73,27,4.3462,3,3,"JESSICA BAILEY",23
"TEMPLE ATTRACTION",Horror,70.88,12,4.0000,1,1,"MILLA PECK",24
"JINGLE SAGEBRUSH",Classics,70.87,13,3.6154,1,3,"KIM ALLEN",24
"SATURN NAME",Comedy,70.87,13,4.8462,0,2,"ANGELINA ASTAIRE",31
"USUAL UNTOUCHABLES",Foreign,70.87,13,3.1538,1,1,"CHRISTIAN GABLE",22
"TURN STAR",Animation,70.86,14,3.7143,1,2,"MAE HOFFMAN",34
"DINOSAUR SECRETARY",Family,70.80,20,5.1500,0,1,"LUCILLE TRACY",24
"AMISTAD MIDSUMMER",New,70.79,21,4.2000,0,3,"CARY MCCONAUGHEY",30
"RUGRATS SHAKESPEARE",Action,70.70,30,4.1667,2,5,"JUDY DEAN",26
"FAMILY SWEET",Horror,70.70,29,4.1852,3,4,"SANDRA PECK",25
"MOTHER OLEANDER",Sports,69.86,14,6.3571,1,1,"FRANCES DAY-LEWIS",33
"ARTIST COLDBLOODED",Sports,69.84,16,4.8750,2,3,"ED CHASE",34
"DRIVER ANNIE",Sports,69.82,18,3.3529,2,2,"UMA WOOD",35
"POLLOCK DELIVERANCE",Foreign,69.81,18,4.1176,1,1,"GOLDIE BRODY",23
"FLIGHT LIES",Sports,68.88,12,6.8333,0,2,NULL,36
"GUNFIGHTER MUSSOLINI",Sports,68.88,12,4.9167,0,1,"AUDREY OLIVIER",36
"NOON PAPI",Children,68.83,17,4.7059,2,3,"CUBA OLIVIER",23
"HONEY TIES",Sports,68.81,19,5.1579,2,2,"ZERO CAGE",38
"CHICKEN HELLFIGHTERS",Documentary,68.78,22,4.1364,3,4,"KIRSTEN PALTROW",23
"DETECTIVE VISION",Classics,68.73,27,4.6154,3,5,"KENNETH TORN",25
"BILL OTHERS",Documentary,67.81,19,4.2632,0,3,"DUSTIN TAUTOU",24
"EXCITEMENT EVE",Action,67.79,21,4.2381,1,3,"GRACE MOSTEL",27
"DIVIDE MONSTER",Sci-Fi,67.79,21,4.1429,0,4,"SANDRA KILMER",36
"ORANGE GRAPES",Foreign,67.76,24,4.7917,2,3,"MEG HAWKE",24
"TWISTED PIRATES",Children,66.89,11,3.4545,0,1,"NATALIE HOPKINS",24
"DANGEROUS UPTOWN",Foreign,66.88,12,5.5833,0,1,"ANNE CRONYN",25
"OPPOSITE NECKLACE",Family,66.87,13,4.0833,2,2,"CHRISTIAN NEESON",25
"BAREFOOT MANCHURIAN",Action,66.82,18,4.5556,1,3,"JENNIFER DAVIS",28
"WONKA SEA",Animation,66.82,18,4.1667,0,2,"JULIA MCQUEEN",35
"NORTH TEQUILA",Documentary,65.89,11,3.5455,1,2,"GARY PHOENIX",25
"OPUS ICE",Foreign,65.89,11,4.4545,1,2,"SEAN WILLIAMS",26
"MEET CHOCOLATE",Foreign,65.88,12,4.6667,1,1,"ZERO CAGE",27
"WAR NOTTING",Foreign,65.88,12,4.8333,0,1,"GRACE MOSTEL",27
"CHAMBER ITALIAN",Music,65.88,13,6.1667,0,2,"ALEC WAYNE",18
"LOVELY JINGLE",Classics,65.86,14,3.6923,0,1,"VIVIEN BERGEN",26
"CLONES PINOCCHIO",Music,65.81,19,4.2632,2,3,"MATTHEW JOHANSSON",19
"LOST BIRD",Foreign,64.88,12,5.6667,2,2,"KIRK JOVOVICH",29
"NASH CHOCOLAT",Animation,64.85,15,5.6000,1,2,"JUDY DEAN",36
"MANCHURIAN CURTAIN",Family,64.85,15,4.9333,1,1,"RAY JOHANSSON",26
"DIVINE RESURRECTION",Games,64.85,15,4.2857,0,3,"CHRISTIAN GABLE",26
"BEACH HEARTBREAKERS",Documentary,64.83,17,4.7059,2,3,"WOODY HOFFMAN",26
"POND SEATTLE",Animation,64.81,19,5.0526,1,2,"DARYL WAHLBERG",37
"GILMORE BOILED",Classics,64.72,28,4.7143,2,4,"WOODY HOFFMAN",27
"OCTOBER SUBMARINE",Classics,63.89,11,5.0909,1,2,"GRACE MOSTEL",28
"BIRD INDEPENDENCE",Travel,63.89,11,5.0909,1,2,"FAY KILMER",23
"JAWS HARRY",Comedy,63.86,14,4.5000,1,1,"HELEN VOIGHT",32
"MASK PEACH",New,63.83,17,4.5882,3,3,"NICK WAHLBERG",31
"BOULEVARD MOB",New,63.82,18,5.1765,1,2,"RIP CRAWFORD",32
"FURY MURDER",Children,63.81,19,4.6316,2,3,"KARL BERRY",25
"LOATHING LEGALLY",Classics,63.73,27,4.5000,1,4,"AUDREY OLIVIER",29
"HANDICAP BOONDOCK",Action,63.72,28,4.1429,4,6,"ZERO CAGE",29
"GASLIGHT CRUSADE",Horror,62.84,16,3.5000,0,0,"GRACE MOSTEL",26
"REAP UNFAITHFUL",Horror,62.84,16,4.8125,0,2,"CHRISTIAN GABLE",26
"ALONE TRIP",Music,62.82,18,4.7059,1,2,"ED CHASE",20
"JADE BUNCH",Sports,62.82,18,3.8333,3,3,"CARMEN HUNT",39
"CIDER DESIRE",Documentary,62.81,19,4.8421,2,2,"JULIA MCQUEEN",27
"EARRING INSTINCT",Family,62.81,19,4.4737,1,2,"FRED COSTNER",27
"WRONG BEHAVIOR",Children,62.80,20,3.8500,0,2,"MILLA PECK",26
"PACIFIC AMISTAD",Documentary,62.76,24,3.5833,4,4,"JOHNNY LOLLOBRIGIDA",28
"DYNAMITE TARZAN",Classics,62.75,25,4.2000,1,2,"BOB FAWCETT",30
"MOD SECRETARY",Documentary,61.89,11,4.5455,1,2,"CHRISTIAN GABLE",29
"STATE WASTELAND",Games,61.88,13,5.0833,1,2,"DAN TORN",27
"KICK SAVANNAH",Travel,61.80,20,4.1053,3,3,"ANGELA HUDSON",24
"CIRCUS YOUTH",Children,60.85,15,4.6667,1,2,"BOB FAWCETT",27
"UPRISING UPTOWN",Action,60.84,16,4.6875,2,2,"ANNE CRONYN",30
"ANACONDA CONFESSIONS",Animation,60.79,21,4.0476,2,5,"PENELOPE GUINESS",38
"FIREBALL PHILADELPHIA",Comedy,60.79,21,5.0000,2,2,"VAL BOLGER",33
"PACKER MADIGAN",Animation,60.78,22,3.9545,2,3,"TIM HACKMAN",39
"TIGHTS DAWN",Sports,60.74,26,4.7692,0,5,"VIVIEN BERGEN",40
"MASSAGE IMAGE",Animation,59.88,12,4.7500,1,2,"KEVIN BLOOM",40
"WINDOW SIDE",Travel,59.88,12,4.4545,0,3,"LUCILLE TRACY",25
"BORN SPINAL",Travel,59.88,12,3.5833,0,1,"KIRSTEN PALTROW",25
"IDENTITY LOVER",Sci-Fi,59.87,13,4.6154,1,2,"SANDRA KILMER",37
"NEMO CAMPUS",Sci-Fi,59.86,14,4.2857,0,1,"FAY KILMER",38
"OUTFIELD MASSACRE",Music,59.80,20,4.8421,1,3,"DAN STREEP",21
"FIGHT JAWBREAKER",Animation,59.78,22,3.9048,2,4,"NICK WAHLBERG",41
"ANNIE IDENTITY",Sci-Fi,59.78,22,3.8182,3,4,"ADAM GRANT",39
"MOCKINGBIRD HOLLYWOOD",Action,59.76,24,4.4348,1,3,"JULIA MCQUEEN",31
"TRAINSPOTTING STRANGERS",Comedy,58.89,11,4.9091,1,1,"GREG CHAPLIN",34
"VALLEY PACKER",Comedy,58.85,15,4.8667,2,2,"TOM MIRANDA",35
"WILLOW TRACY",Family,58.84,16,4.8125,1,2,"REESE KILMER",28
"MUMMY CREATURES",Sports,58.84,16,5.2000,0,1,"HELEN VOIGHT",41
"HEAVEN FREEDOM",Comedy,58.82,18,4.4444,2,3,"BURT DUKAKIS",36
"FICTION CHRISTMAS",Foreign,58.81,19,5.2105,0,1,"KEVIN BLOOM",30
"DALMATIONS SWEDEN",Drama,58.80,20,4.9000,2,2,"JOE SWANK",31
"KARATE MOON",Horror,58.77,23,4.3478,2,3,"JOHNNY CAGE",28
"SIERRA DIVIDE",Sports,57.85,15,5.0667,0,2,"JIM MOSTEL",42
"PILOT HOOSIERS",Family,57.84,16,4.5625,1,3,"JULIA MCQUEEN",29
"PERFECT GROOVE",Comedy,57.83,17,5.7059,1,2,"KARL BERRY",37
"RACER EGG",Drama,57.82,18,4.1111,0,2,"ZERO CAGE",32
"ENOUGH RAGING",Travel,57.82,18,5.1176,1,3,"JOHNNY LOLLOBRIGIDA",27
"GABLES METROPOLIS",Family,57.81,19,4.3333,2,3,"FRED COSTNER",30
"RIVER OUTLAW",Sports,57.81,20,4.9474,1,2,"KIRSTEN PALTROW",43
"STRAIGHT HOURS",Sports,57.80,20,3.8000,1,2,"DAN HARRIS",44
"BOWFINGER GABLES",Horror,56.89,11,2.7273,0,1,"KARL BERRY",29
"FUGITIVE MAGUIRE",Travel,56.89,11,3.4545,0,1,"CUBA OLIVIER",28
"CREATURES SHAKESPEARE",Games,56.84,16,5.5000,0,2,"SUSAN DAVIS",28
"GRAPES FURY",Foreign,56.77,22,3.7619,0,3,"CARMEN HUNT",31
"IRON MOON",Classics,55.89,11,3.4545,0,2,"HELEN VOIGHT",31
"BUGSY SONG",Foreign,55.89,11,4.9091,1,2,"WOODY JOLIE",32
"PURPLE MOVIE",Foreign,55.87,13,3.6154,1,2,"TOM MCKELLEN",33
"ANALYZE HOOSIERS",Horror,55.86,14,5.1429,0,3,"TOM MCKELLEN",30
"SHANE DARKNESS",Travel,55.86,14,4.9286,1,2,"CUBA OLIVIER",29
"DIRTY ACE",Games,55.85,15,4.8000,1,2,"VIVIEN BERGEN",29
"PATRIOT ROMAN",Action,55.84,16,4.9375,1,2,"CARMEN HUNT",32
"UNITED PILOT",Documentary,55.83,17,4.5882,1,3,"VAL BOLGER",30
"GREEK EVERYONE",Foreign,55.83,17,4.4118,0,3,"SISSY SOBIESKI",34
"GUNFIGHT MOON",Comedy,55.76,24,4.9091,3,4,"CARMEN HUNT",38
"SLUMS DUCK",Family,55.76,24,4.7083,2,3,"REESE KILMER",31
"DANCING FEVER",Documentary,55.73,27,5.7778,2,4,"KENNETH TORN",31
"GO PURPLE",Music,54.80,20,4.0000,1,3,"SEAN GUINESS",22
"HUNTING MUSKETEERS",Family,53.85,15,4.7333,3,3,"CARY MCCONAUGHEY",32
"SCISSORHANDS SLUMS",Foreign,53.85,15,2.9333,3,3,"GRACE MOSTEL",35
"ROUGE SQUAD",Games,53.82,18,4.1111,1,3,"PENELOPE MONROE",30
"REUNION WITCHES",Drama,53.80,20,3.5000,2,3,"KARL BERRY",33
"SLEUTH ORIENT",Games,53.79,21,4.4762,2,4,"RALPH CRUZ",31
"EFFECT GLADIATOR",Family,53.75,25,5.0833,3,4,"JULIA MCQUEEN",33
"SUN CONFESSIONS",Sci-Fi,53.75,25,4.7600,2,3,"DAN TORN",40
"EXORCIST STING",Sports,52.87,13,4.6923,1,1,"GOLDIE BRODY",45
"SHRUNK DIVINE",Action,52.86,14,5.0000,1,1,"WOODY HOFFMAN",33
"ALLEY EVOLUTION",Foreign,52.86,14,5.0714,1,2,"KARL BERRY",36
"MADRE GABLES",Games,52.86,14,6.4286,1,2,"TOM MIRANDA",32
"GRADUATE LORD",Children,52.84,16,4.6875,2,2,"EWAN GOODING",28
"FREAKY POCUS",Music,52.83,17,3.4118,2,3,"TOM MIRANDA",23
"NOVOCAINE FLIGHT",Sports,52.81,19,4.8421,1,3,"KARL BERRY",46
"CHOCOLAT HARRY",Family,52.80,20,5.2000,1,2,"JOE SWANK",34
"HAUNTING PIANIST",Games,52.78,22,5.0000,2,4,"JAYNE NEESON",33
"AFRICAN EGG",Family,51.88,12,6.7273,1,2,"GARY PHOENIX",35
"BREAKING HOME",New,51.87,13,3.5385,2,2,"GRACE MOSTEL",33
"MONSTER SPARTACUS",Music,51.85,15,4.3571,1,3,"JUDE CRUISE",24
"CADDYSHACK JEDI",Action,51.84,16,4.2500,2,2,"ED CHASE",34
"MOULIN WAKE",Travel,51.84,16,5.4375,0,1,"JESSICA BAILEY",30
"PIRATES ROXANNE",Sports,51.78,21,4.5500,1,3,"HUMPHREY WILLIS",47
"VIRGINIAN PLUTO",Documentary,51.71,29,3.8571,2,5,"KARL BERRY",32
"WORKER TARZAN",Travel,50.85,15,4.8000,0,2,"ZERO CAGE",31
"INDIAN LOVE",Family,50.84,16,5.1250,1,1,"NICK WAHLBERG",36
"LOCK REAR",Travel,50.84,16,3.6875,2,3,"WALTER TORN",32
"KWAI HOMEWARD",Drama,50.77,23,4.7391,2,4,"NATALIE HOPKINS",34
"BOUND CHEAPER",Classics,50.76,24,4.7391,0,2,"KARL BERRY",32
"POTLUCK MIXED",Animation,49.89,11,3.7273,1,1,"BETTE NICHOLSON",42
"EXPRESS LONELY",Sci-Fi,49.87,13,3.7692,1,2,"ALEC WAYNE",41
"TOWN ARK",Foreign,49.86,14,3.7143,1,2,"GRACE MOSTEL",37
"PERSONAL LADYBUGS",Music,49.86,14,4.9286,1,2,"BOB FAWCETT",25
"WASTELAND DIVINE",Classics,49.85,15,4.2000,1,3,"LUCILLE TRACY",33
"MODERN DORADO",Documentary,49.85,15,4.8667,2,3,"LUCILLE TRACY",33
"HOURS RAGE",New,49.81,19,4.5789,1,3,"ALEC WAYNE",34
"RIDER CADDYSHACK",Sports,48.89,11,5.0909,0,0,"UMA WOOD",48
"DARKNESS WAR",Drama,48.87,13,5.1538,1,1,"GENE WILLIS",35
"CYCLONE FAMILY",Foreign,48.86,15,4.7143,1,2,"HELEN VOIGHT",38
"HAMLET WISDOM",Sci-Fi,48.86,14,5.8571,2,2,"JOHNNY CAGE",42
"VARSITY TRIP",New,48.84,16,3.4667,0,3,"NICK STALLONE",35
"ROCK INSTINCT",Horror,48.83,17,4.5882,0,2,"MILLA PECK",31
"GOLDMINE TYCOON",Sci-Fi,48.73,27,4.8889,3,4,"SANDRA KILMER",43
"VOYAGE LEGALLY",Classics,48.72,28,4.9286,3,4,"CARMEN HUNT",34
"ENTRAPMENT SATISFACTION",Action,47.85,15,5.8000,2,2,"FRED COSTNER",35
"LABYRINTH LEAGUE",Children,47.85,15,3.5333,2,2,"TOM MIRANDA",29
"SHIP WONDERLAND",Documentary,47.85,15,2.6000,1,2,"AUDREY OLIVIER",34
"NEWTON LABYRINTH",Foreign,47.83,17,4.8235,1,3,"SEAN WILLIAMS",39
"TRAMP OTHERS",Comedy,47.80,20,4.8000,2,3,"RIP CRAWFORD",39
"MICROCOSMOS PARADISE",Children,46.87,13,5.0000,1,1,"HELEN VOIGHT",30
"PARIS WEEKEND",Horror,46.86,14,5.4286,0,3,"PENELOPE PINKETT",32
"TROOPERS METAL",New,46.86,14,4.5714,0,0,"JULIA BARRYMORE",36
"SHREK LICENSE",Foreign,46.85,15,3.0714,3,3,"FRANCES DAY-LEWIS",40
"STORM HAPPINESS",Animation,46.71,29,4.2759,2,4,"CHRISTOPHER BERRY",43
"SPEAKEASY DATE",Action,45.88,12,4.6667,1,2,"NICK STALLONE",36
"DATE SPEED",Family,45.87,13,5.3077,1,1,"KARL BERRY",37
"UNCUT SUICIDES",Music,45.86,14,5.7143,1,2,"RAY JOHANSSON",26
"STOCK GLASS",New,45.86,14,3.1429,0,2,"VIVIEN BERGEN",37
"MIDNIGHT WESTWARD",Action,45.83,17,3.8125,1,2,"WOODY HOFFMAN",37
"ARMAGEDDON LOST",Sci-Fi,45.79,21,4.8000,1,2,"ANGELA HUDSON",44
"FANTASY TROOPERS",Action,45.74,26,4.7308,4,4,"NATALIE HOPKINS",38
"PARTY KNOCK",Comedy,44.87,13,4.7692,0,2,"RIVER DEAN",40
"CLUB GRAFFITI",Animation,44.80,19,4.1176,1,4,"TOM MCKELLEN",44
"WOMEN DORADO",Action,44.78,23,3.7273,2,2,"NICK STALLONE",39
"ALASKA PHANTOM",Music,44.74,26,4.8846,2,5,"VAL BOLGER",27
"FOREVER CANDIDATE",Children,43.87,13,4.2308,1,1,"JADA RYDER",31
"LUCKY FLYING",Music,43.87,13,4.8462,2,2,"NICK WAHLBERG",28
"GLASS DYING",Action,43.86,14,5.2143,2,2,"MATTHEW LEIGH",40
"SHANGHAI TYCOON",Travel,43.86,14,3.2857,0,0,"LUCILLE TRACY",33
"NECKLACE OUTBREAK",Drama,43.85,15,3.9333,1,2,"ED CHASE",36
"MAJESTIC FLOATS",Documentary,43.83,17,5.7059,2,3,"JOE SWANK",35
"POCUS PULP",Documentary,43.74,26,4.4615,1,4,"JOHNNY LOLLOBRIGIDA",36
"LORD ARIZONA",Action,42.89,11,4.5000,1,1,"CHRISTIAN GABLE",41
"PRIX UNDEFEATED",Family,42.89,11,3.1818,1,2,"KIRSTEN PALTROW",38
"CRANES RESERVOIR",Sports,42.89,11,4.8182,1,2,"VIVIEN BERGEN",49
"SADDLE ANTITRUST",Comedy,42.86,14,4.7857,2,3,"BOB FAWCETT",41
"ROOTS REMEMBER",Classics,42.83,17,4.5882,2,2,"JOHNNY CAGE",35
"COAST RAINBOW",Documentary,42.79,21,3.9048,3,4,"BETTE NICHOLSON",37
"MOURNING PURPLE",Sci-Fi,42.79,21,4.2857,2,4,"CHRISTIAN AKROYD",45
"BANGER PINOCCHIO",Music,42.78,22,4.1364,2,5,"JOHNNY LOLLOBRIGIDA",29
"FEATHERS METAL",Games,41.89,11,5.1818,1,2,"MILLA PECK",34
"SPIKING ELEMENT",Classics,41.87,13,4.0000,1,2,"DARYL WAHLBERG",36
"MILE MULAN",Sports,41.87,13,5.2308,2,2,"MENA TEMPLE",50
"ARMY FLINTSTONES",Documentary,41.84,16,4.5000,2,3,"ED CHASE",38
"GROOVE FICTION",Sports,41.82,18,5.7222,1,3,"JOHNNY LOLLOBRIGIDA",51
"SUNDANCE INVASION",Children,41.81,19,4.5000,1,2,"KENNETH PALTROW",32
"DISCIPLE MOTHER",Travel,41.81,19,3.3333,1,2,"JOHNNY CAGE",34
"CROOKED FROGMEN",Children,41.77,23,4.5909,1,5,"JOE SWANK",33
"FRIDA SLIPPER",Foreign,40.90,11,5.0000,0,1,"UMA WOOD",41
"BLANKET BEVERLY",Family,40.88,12,5.7273,1,1,"FRED COSTNER",39
"CABIN FLASH",Children,40.85,15,4.8667,1,2,"UMA WOOD",34
"SPLENDOR PATTON",Children,40.79,21,4.3810,0,2,"UMA WOOD",35
"STONE FIRE",Travel,39.89,11,5.0000,1,2,"MILLA KEITEL",35
"ROBBERY BRIGHT",Family,39.87,13,4.6154,1,2,"GOLDIE BRODY",40
"SPINAL ROCKY",Family,39.87,13,5.3077,0,1,"CAMERON STREEP",40
"PAJAMA JAWBREAKER",Classics,39.86,14,4.0714,0,2,"LUCILLE TRACY",37
"TOOTSIE PILOT",Children,39.85,15,3.7333,1,3,"ZERO CAGE",36
"ILLUSION AMELIE",Foreign,39.85,15,4.4667,2,2,"KENNETH PALTROW",42
"JOON NORTHWEST",Sports,39.83,17,3.5294,1,2,"ALEC WAYNE",52
"ENCOUNTERS CURTAIN",Drama,39.81,19,4.2105,1,2,"ALEC WAYNE",37
"CONGENIALITY QUEST",Sports,39.78,22,4.6364,2,3,"TOM MCKELLEN",53
"OUTBREAK DIVINE",Games,39.77,23,4.4783,4,4,"ALEC WAYNE",35
"FEUD FROGMEN",Family,39.75,25,4.2000,4,4,"TIM HACKMAN",42
"STORY SIDE",Action,39.72,28,3.8214,2,5,"ZERO CAGE",42
"TALENTED HOMICIDE",Sports,39.71,29,4.1034,4,5,"BURT DUKAKIS",54
"DRUMLINE CYCLONE",Travel,38.89,11,4.4545,1,2,NULL,36
"UPTOWN YOUNG",Children,38.88,12,2.8333,1,2,"ZERO CAGE",37
"MIGHTY LUCK",Documentary,38.88,12,5.0000,1,2,"JULIA BARRYMORE",39
"INDEPENDENCE HOTEL",Documentary,38.81,19,4.6842,1,2,"KARL BERRY",40
"PIANIST OUTFIELD",New,38.78,21,4.0000,0,3,"PENELOPE CRONYN",38
"WIND PHANTOM",Games,38.77,23,4.3478,2,3,"CHARLIZE DENCH",36
"CAPER MOTIONS",Comedy,38.76,24,3.9167,1,4,"HELEN VOIGHT",42
"CURTAIN VIDEOTAPE",Games,38.74,27,5.1154,2,3,"JOE SWANK",37
"MOON BUNCH",Foreign,38.71,29,4.3103,2,5,"ANNE CRONYN",43
"HEDWIG ALTER",Comedy,37.88,12,3.7500,2,2,"JAYNE NEESON",43
"ADAPTATION HOLES",Documentary,37.88,12,2.8333,1,1,"NICK WAHLBERG",41
"INTRIGUE WORST",Foreign,37.80,20,4.7895,1,1,"VAL BOLGER",44
"SHOOTIST SUPERFLY",Drama,37.76,24,4.5000,1,3,"WOODY HOFFMAN",38
"GUN BONNIE",Games,37.75,25,5.3600,3,4,"BURT DUKAKIS",38
"WESTWARD SEABISCUIT",Classics,37.74,26,5.3077,1,4,"PENELOPE GUINESS",38
"MULAN MOON",Comedy,36.87,13,4.7500,1,3,"NICK STALLONE",44
"INSECTS STONE",Animation,36.81,18,2.7059,0,2,"GARY PHOENIX",45
"CHEAPER CLYDE",Sci-Fi,36.80,20,5.0500,3,3,"PENELOPE GUINESS",46
"VOLCANO TEXAS",Games,36.78,22,4.4286,3,3,"CUBA OLIVIER",39
"ACADEMY DINOSAUR",Documentary,36.77,23,4.5455,2,3,"PENELOPE GUINESS",42
"PRIMARY GLASS",Action,36.73,27,3.7778,0,4,"JOE SWANK",43
"DONNIE ALLEY",Animation,35.86,14,4.2857,1,2,"VIVIEN BERGEN",46
"LOVE SUICIDES",Horror,35.80,20,4.7000,4,4,"JOHNNY LOLLOBRIGIDA",33
"ALAMO VIDEOTAPE",Foreign,35.76,24,4.5000,2,3,"JOHNNY CAGE",45
"MAGNOLIA FORRESTER",Action,34.89,11,5.0909,0,0,"SANDRA KILMER",44
"SONG HEDWIG",Music,34.89,11,4.5000,1,2,"KENNETH PESCI",30
"MOB DUFFEL",Drama,34.88,12,4.9167,1,1,"CAMERON STREEP",39
"RINGS HEARTBREAKERS",Action,34.85,15,5.4667,2,2,"JOHNNY LOLLOBRIGIDA",45
"WATCH TRACY",Animation,34.84,16,4.3750,1,2,"VAL BOLGER",47
"SUMMER SCARFACE",Classics,34.84,16,4.6000,1,2,"ALEC WAYNE",39
"TAXI KICK",Music,34.83,17,3.8824,0,3,"BOB FAWCETT",31
"LION UNCUT",Comedy,34.82,18,4.8889,1,2,"UMA WOOD",45
"BLADE POLISH",Drama,34.79,22,3.6190,2,3,"JENNIFER DAVIS",40
"CARRIE BUNCH",Horror,34.77,23,4.1739,0,4,"VAL BOLGER",34
"EARTH VISION",New,34.77,23,5.3182,0,3,"KENNETH TORN",39
"SANTA PARIS",Children,33.89,11,4.4545,1,2,"KENNETH PALTROW",38
"SPLASH GUMP",Family,33.86,14,5.2857,0,3,"PENELOPE GUINESS",43
"TRANSLATION SUMMER",Drama,33.85,15,4.0000,1,3,"TOM MIRANDA",41
"ROXANNE REBEL",Games,33.81,19,3.8947,1,4,"JOHNNY CAGE",40
"VOICE PEACH",New,33.81,19,4.3158,1,3,"VIVIEN BERGEN",40
"AMADEUS HOLY",Action,33.79,21,4.4500,1,4,"JOHNNY LOLLOBRIGIDA",46
"CHAINSAW UPTOWN",Sci-Fi,33.79,21,4.2857,2,3,"NICK WAHLBERG",47
"NATURAL STOCK",Family,32.87,13,4.1538,1,3,"MILLA KEITEL",44
"STAMPEDE DISTURBING",Games,32.86,14,4.6429,0,3,"VAL BOLGER",41
"MOTIONS DETAILS",Horror,32.85,16,4.3333,1,3,"UMA WOOD",35
"BONNIE HOLOCAUST",Documentary,32.84,16,3.6250,1,3,"JOHNNY LOLLOBRIGIDA",43
"REAR TRADING",Action,32.83,17,5.0000,2,3,"FRED COSTNER",47
"FACTORY DRAGON",Travel,32.83,17,3.1765,2,3,"SISSY SOBIESKI",37
"MARS ROMAN",Games,32.81,19,4.8421,2,3,"ADAM GRANT",42
"HIGHBALL POTTER",Foreign,32.79,21,4.3810,2,3,"KARL BERRY",46
"ALTER VICTORY",Animation,32.78,22,4.3182,2,3,"REESE KILMER",48
"CHILL LUCK",Drama,32.78,22,4.4545,1,3,"MARY TANDY",42
"CELEBRITY HORN",Action,32.76,24,4.8333,3,4,"DUSTIN TAUTOU",48
"SHEPHERD MIDSUMMER",Children,32.75,25,4.2800,2,4,"SYLVESTER DERN",39
"DANCES NONE",Action,31.86,14,3.6667,1,2,"MATTHEW JOHANSSON",49
"THEORY MERMAID",Animation,30.88,11,5.1000,0,1,"CUBA OLIVIER",49
"SLIPPER FIDELITY",Sports,30.84,16,4.5000,1,3,"CAMERON WRAY",55
"EMPIRE MALKOVICH",Children,30.79,21,5.4762,2,3,"CUBA OLIVIER",40
"SIDE ARK",Action,29.88,12,5.7500,0,1,"HELEN VOIGHT",50
"LOUISIANA HARRY",Family,29.83,17,3.7059,1,2,"HENRY BERRY",45
"CLEOPATRA DEVIL",New,29.83,18,5.4118,2,3,"KARL BERRY",41
"ROOM ROMAN",Animation,29.80,20,4.5000,1,2,"WOODY HOFFMAN",50
"ROMAN PUNK",Music,29.76,24,4.8750,3,4,"JIM MOSTEL",32
"SAVANNAH TOWN",Drama,28.88,12,4.5833,1,2,"GRACE MOSTEL",43
"FINDING ANACONDA",Family,28.88,12,4.5833,1,2,"FRANCES DAY-LEWIS",46
"CHRISTMAS MOONSHINE",Children,28.79,21,4.8571,1,4,"PENELOPE MONROE",41
"GREASE YOUTH",Family,28.79,21,3.6667,1,2,"KIRK JOVOVICH",47
"DRAGON SQUAD",Action,27.89,11,4.3636,0,0,"ANNE CRONYN",51
"MINORITY KISS",Music,27.89,12,4.6364,0,3,"VIVIEN BASINGER",33
"CANYON STOCK",Animation,27.81,19,4.3889,0,3,"ZERO CAGE",51
"ENCINO ELF",Games,27.81,19,4.2222,0,3,"ZERO CAGE",43
"BORROWERS BEDAZZLED",Animation,27.78,22,5.0000,2,3,"CUBA OLIVIER",52
"EVOLUTION ALTER",Sports,26.88,12,4.7500,0,1,"ELVIS MARX",56
"RESURRECTION SILVERADO",Family,26.79,21,4.0000,2,4,"MENA TEMPLE",48
"NOTORIOUS REUNION",Documentary,25.86,14,6.2857,1,2,"KIM ALLEN",44
"MOSQUITO ARMAGEDDON",Sports,25.85,15,4.7857,2,2,"GOLDIE BRODY",57
"HOLOCAUST HIGHBALL",Children,25.83,17,4.4706,1,2,"CARMEN HUNT",42
"UNFORGIVEN ZOOLANDER",Sci-Fi,25.82,18,4.9444,2,3,"JENNIFER DAVIS",48
"MASKED BUBBLE",Music,25.80,20,3.4500,0,3,"GARY PENN",34
"DECEIVER BETRAYED",Drama,25.79,21,3.6190,1,2,"GRACE MOSTEL",44
"GATHERING CALENDAR",Games,24.89,11,3.6364,1,1,"MICHAEL BENING",44
"EVERYONE CRAFT",Foreign,24.87,13,3.0769,2,2,"GOLDIE BRODY",47
"DRUMS DYNAMITE",Horror,24.87,13,5.4615,0,2,"VIVIEN BERGEN",36
"STREAK RIDGEMONT",Documentary,24.84,16,5.4000,2,3,"SANDRA KILMER",45
"POLISH BROOKLYN",Children,24.82,18,4.3889,3,3,"VIVIEN BERGEN",43
"PATIENT SISTER",Classics,24.81,19,3.7895,1,3,"LUCILLE TRACY",40
"DRACULA CRYSTAL",Classics,24.79,21,4.1905,2,3,"NICK WAHLBERG",41
"WOLVES DESIRE",Travel,24.79,21,3.5238,0,4,"SANDRA KILMER",38
"REEF SALUTE",Horror,23.89,11,5.0909,0,1,"JOE SWANK",37
"WRATH MILE",Documentary,23.86,14,4.0000,1,2,"SPENCER DEPP",46
"ODDS BOOGIE",Family,23.85,15,4.8667,2,2,"ELVIS MARX",49
"HOMEWARD CIDER",Documentary,23.84,16,2.8750,0,4,"UMA WOOD",47
"HUNGER ROOF",Foreign,22.87,13,5.9167,1,2,"MERYL GIBSON",48
"ARABIA DOGMA",Horror,22.87,13,3.9231,1,2,"KARL BERRY",38
"VIETNAM SMOOCHY",Drama,22.85,15,4.3333,1,3,"JODIE DEGENERES",45
"GANDHI KWAI",Family,22.83,17,4.8235,3,3,"ZERO CAGE",50
"MUSIC BOONDOCK",Family,22.81,19,4.3158,2,3,"MORGAN WILLIAMS",51
"MONTEREY LABYRINTH",Horror,21.87,13,3.4615,1,1,"KARL BERRY",39
"CITIZEN SHREK",Sci-Fi,21.87,13,4.7692,0,2,"KEVIN BLOOM",49
"BULL SHAWSHANK",Action,21.84,16,4.2000,0,2,"NICK WAHLBERG",52
"BRIDE INTRIGUE",Action,21.81,19,4.0526,1,1,"ANGELA HUDSON",53
"JEDI BENEATH",Family,21.81,19,4.1053,1,3,"JAMES PITT",52
"TENENBAUMS COMMAND",Drama,20.87,13,2.6154,1,1,"SCARLETT BENING",46
"KANE EXORCIST",Foreign,20.86,14,3.5000,2,3,"AUDREY OLIVIER",49
"CRAFT OUTFIELD",Drama,20.84,16,3.6250,2,2,"RIP CRAWFORD",47
"LANGUAGE COWBOY",Children,19.89,11,4.4545,1,1,"PENELOPE GUINESS",44
"SPIRITED CASUALTIES",Sci-Fi,19.89,11,4.7273,0,2,"GOLDIE BRODY",50
"SORORITY QUEEN",Foreign,19.88,12,3.5000,0,1,"RIP CRAWFORD",50
"LOVERBOY ATTACKS",New,19.88,12,5.1667,0,3,"LUCILLE TRACY",42
"TOMATOES HELLFIGHTERS",Travel,19.86,14,3.9286,0,1,"JODIE DEGENERES",39
"ENDING CROWDS",New,18.89,11,4.2727,1,2,"ZERO CAGE",43
"CROW GREASE",Action,18.88,12,4.1667,0,1,"CAMERON STREEP",54
"PRIDE ALAMO",Animation,18.84,16,2.9333,1,2,"GOLDIE BRODY",53
"SMOKING BARBARELLA",Documentary,18.83,18,3.8235,1,2,"KARL BERRY",48
"HOOK CHARIOTS",Animation,17.87,13,4.6923,0,2,"ELVIS MARX",54
"ANONYMOUS HUMAN",Sports,17.87,13,4.4615,0,2,"GRACE MOSTEL",58
"SIEGE MADRE",Family,17.85,15,4.7333,1,3,"CUBA OLIVIER",53
"BEETHOVEN EXORCIST",Drama,16.89,11,4.3636,0,2,"SANDRA PECK",48
"VALENTINE VANISHING",Travel,16.88,12,5.3333,2,2,"BURT DUKAKIS",40
"BEDAZZLED MARRIED",Family,16.87,13,3.6923,1,2,"LUCILLE TRACY",54
"SILENCE KANE",Music,16.84,16,4.5625,1,2,"SANDRA PECK",35
"LAWRENCE LOVE",Action,15.87,13,3.9231,0,1,"CHRISTOPHER BERRY",55
"SASSY PACKER",Games,15.87,13,3.9231,1,1,"GROUCHO SINATRA",45
"GREEDY ROOTS",Drama,15.86,14,2.5714,1,2,"JENNIFER DAVIS",49
"SPIRIT FLINTSTONES",Horror,15.85,15,3.6000,0,3,"JULIA MCQUEEN",40
"SMOOCHY CONTROL",Sports,14.88,12,4.5455,0,1,"DARYL WAHLBERG",59
"HOLLYWOOD ANONYMOUS",Children,13.87,13,3.7692,0,1,"ANNE CRONYN",45
"TOWERS HURRICANE",Classics,12.89,11,3.4545,1,2,"CATE MCQUEEN",42
